Date,Open,High,Low,Close,Volume,Mean
2021-05-10 23:59:59.999,3924.41325439,4197.47327657,3684.45161614,3952.29387234,62691789006.63,3940.962446355
2021-05-11 23:59:59.999,3948.27190857,4178.20881516,3783.88947357,4168.70104865,52679737865.42,3981.049144365
2021-05-12 23:59:59.999,4174.63587254,4362.3505418,3785.84860304,3785.84860304,69023382175.45,4074.09957242
2021-05-13 23:59:59.999,3828.91836092,4032.5635388,3549.40719401,3715.14846639,78398214538.75,3790.9853664049997
2021-05-14 23:59:59.999,3720.12221785,4171.01696316,3703.39999909,4079.05745857,48174271215.31,3937.208481125
2021-05-15 23:59:59.999,4075.95155569,4129.18552263,3638.12204192,3638.12204192,42422321751.05,3883.653782275
2021-05-16 23:59:59.999,3641.83069793,3878.89597502,3350.95158829,3587.50620646,47359478733.83,3614.9237816550003
2021-05-17 23:59:59.999,3581.34294042,3587.7656099,3129.00885833,3282.39779583,54061732773.88,3358.387234115
2021-05-18 23:59:59.999,3276.87233937,3562.46515966,3246.40408372,3380.0700925,40416525218.24,3404.4346216900003
2021-05-19 23:59:59.999,3382.65714987,3437.93578796,1952.46023203,2460.67920048,84482912776.49,2695.198009995
2021-05-20 23:59:59.999,2439.63869914,2993.14518268,2170.22905763,2784.29415835,67610826679.69,2581.6871201550002
2021-05-21 23:59:59.999,2772.34127594,2938.20508382,2113.34714855,2430.62138539,53774070802.37,2525.776116185
2021-05-22 23:59:59.999,2436.01456723,2483.98311416,2168.12431696,2295.70565666,42089937660.13,2326.05371556
2021-05-23 23:59:59.999,2298.3670668,2384.41169702,1737.46874792,2109.57985208,56005721976.73,2060.9402224699998
2021-05-24 23:59:59.999,2099.93591438,2672.59567001,2090.63957366,2643.5909947,53697121740.17,2381.617621835
2021-05-25 23:59:59.999,2649.03321812,2750.53497919,2394.35556015,2706.62898111,49558333255.67,2572.44526967
2021-05-26 23:59:59.999,2707.05274042,2911.73570619,2652.09450965,2888.69868104,42499766019.91,2781.91510792
2021-05-27 23:59:59.999,2888.75238778,2888.75238778,2642.60784134,2736.48858585,33373635282.74,2765.68011456
2021-05-28 23:59:59.999,2742.46898406,2761.36336634,2336.36123343,2419.90629016,39999114804.5,2548.862299885
2021-05-29 23:59:59.999,2414.06718246,2566.93859706,2208.49092734,2279.51417661,33773720220.19,2387.7147622
2021-05-30 23:59:59.999,2278.28870326,2472.18781806,2188.83450392,2390.305302,25876619427.51,2330.51116099
2021-05-31 23:59:59.999,2387.19847424,2715.85501639,2279.50522543,2714.94534372,31007383150.37,2497.68012091
2021-06-01 23:59:59.999,2707.56059635,2739.73760667,2531.16064064,2633.51841662,27363223089.54,2635.449123655
2021-06-02 23:59:59.999,2634.45599562,2801.39239636,2555.40148136,2706.12497095,27723267358.58,2678.39693886
2021-06-03 23:59:59.999,2708.37614098,2891.254971,2667.68422137,2855.12653096,30038207401.87,2779.4695961850002
2021-06-04 23:59:59.999,2857.16561644,2857.16561644,2562.63738515,2688.19499931,34173841610.91,2709.901500795
2021-06-05 23:59:59.999,2691.61950569,2817.48490411,2558.23370309,2630.57680077,30496672724.27,2687.8593036
2021-06-06 23:59:59.999,2629.74870279,2743.44109197,2616.16239542,2715.09266119,25311639413.72,2679.801743695
2021-06-07 23:59:59.999,2713.04739387,2845.18501945,2583.99521905,2590.26330395,30600111276.75,2714.5901192499996
2021-06-08 23:59:59.999,2594.60234984,2620.8462685,2315.5465788,2517.43862412,41909736777.66,2468.19642365
2021-06-09 23:59:59.999,2510.19919208,2625.07067357,2412.19780237,2608.26698585,36075832186.41,2518.63423797
2021-06-10 23:59:59.999,2611.14265155,2619.95779308,2435.40156701,2471.51867508,28753626390.06,2527.679680045
2021-06-11 23:59:59.999,2472.85883593,2495.41470549,2326.86958552,2353.76868661,24832564195.39,2411.142145505
2021-06-12 23:59:59.999,2354.75221787,2447.22786812,2265.75800259,2372.48445358,25724364409.83,2356.492935355
2021-06-13 23:59:59.999,2372.69009569,2547.36790994,2312.64016947,2508.39163246,27092945369.98,2430.0040397049997
2021-06-14 23:59:59.999,2508.77046164,2606.43292939,2469.38814386,2537.8911584,26964576331.1,2537.910536625
2021-06-15 23:59:59.999,2587.76279174,2639.2292435,2515.15306818,2610.93672749,29005279218.65,2577.1911558399997
2021-06-16 23:59:59.999,2544.86481635,2554.62882845,2354.35054343,2367.6634963,24101926180.22,2454.48968594
2021-06-17 23:59:59.999,2367.3065181,2457.17548975,2312.30147692,2372.00202359,21871633186.2,2384.7384833349997
2021-06-18 23:59:59.999,2374.58702943,2377.19517526,2147.30824917,2231.73314201,22752818387.52,2262.251712215
2021-06-19 23:59:59.999,2235.15918242,2278.41493026,2168.88499272,2178.49913873,18765854895.91,2223.64996149
2021-06-20 23:59:59.999,2171.33797181,2275.38275356,2049.96255307,2246.36453295,22535930423.06,2162.672653315
2021-06-21 23:59:59.999,2245.31786886,2259.46405052,1867.18544305,1888.44749682,33745173824.91,2063.324746785
2021-06-22 23:59:59.999,1886.66763512,1993.15982243,1707.60059497,1874.95002135,35547251725.26,1850.3802087
2021-06-23 23:59:59.999,1878.62503409,2043.53044333,1827.57148248,1989.73627073,28408659206.49,1935.550962905
2021-06-24 23:59:59.999,1968.95742293,2032.33938945,1887.43204576,1988.45627579,20272845769.47,1959.885717605
2021-06-25 23:59:59.999,1989.21578936,2017.75946419,1794.40042371,1813.21723241,22774334997.86,1906.0799439500001
2021-06-26 23:59:59.999,1810.88425347,1850.17977935,1719.55946366,1829.23921725,20637542360.58,1784.869621505
2021-06-27 23:59:59.999,1830.99691808,1979.95812503,1811.24586446,1978.89466209,19885474742.15,1895.601994745
2021-06-28 23:59:59.999,1981.38644305,2139.80537656,1963.61552578,2079.65743586,25514602840.62,2051.71045117
2021-06-29 23:59:59.999,2083.44871649,2242.23885931,2076.24016067,2160.76835244,24815124419.32,2159.23950999
2021-06-30 23:59:59.999,2164.21630987,2282.98896861,2090.76073113,2274.54771264,25828056267.87,2186.8748498699997
2021-07-01 23:59:59.999,2274.39751758,2274.39751758,2081.08095795,2113.60552345,29061701792.69,2177.7392377650003
2021-07-02 23:59:59.999,2109.89267696,2155.59649592,2021.82480782,2150.04036404,31796212553.95,2088.71065187
2021-07-03 23:59:59.999,2150.83502542,2237.56715505,2117.59001348,2226.11428196,17433361640.79,2177.5785842650002
2021-07-04 23:59:59.999,2226.55038208,2384.28685703,2190.83770349,2321.72411157,18787107473.09,2287.56228026
2021-07-05 23:59:59.999,2321.92283563,2321.92283563,2163.04139391,2198.58246387,20103794829.49,2242.48211477
2021-07-06 23:59:59.999,2197.91938531,2346.29487431,2197.91938531,2324.67944917,20891861314.44,2272.10712981
2021-07-07 23:59:59.999,2323.20844884,2403.77348652,2298.02688989,2315.16197531,22398345285.1,2350.9001882049997
2021-07-08 23:59:59.999,2317.94916462,2324.00692952,2089.41422712,2120.02634294,23188123688.61,2206.71057832
2021-07-09 23:59:59.999,2115.57407151,2185.37628813,2051.06654833,2146.69232351,23029574602.03,2118.22141823
2021-07-10 23:59:59.999,2146.99967254,2190.12412582,2081.92355699,2111.40345618,17581542471.47,2136.023841405
2021-07-11 23:59:59.999,2110.87575727,2172.65339114,2083.8036629,2139.66474161,14705386137.51,2128.22852702
2021-07-12 23:59:59.999,2140.5069214,2167.71008593,2011.01886591,2036.72101006,17768129077.0,2089.3644759199997
2021-07-13 23:59:59.999,2034.09837415,2040.6936491,1922.57787009,1940.08396596,16621628658.11,1981.6357595949999
2021-07-14 23:59:59.999,1941.16779403,2015.10738905,1869.22312649,1994.33133747,17342819679.14,1942.16525777
2021-07-15 23:59:59.999,1994.71205332,2037.74260161,1883.27216311,1911.17561568,15688092552.34,1960.50738236
2021-07-16 23:59:59.999,1916.59839927,1959.69632466,1853.59029665,1880.38298492,14884569146.97,1906.643310655
2021-07-17 23:59:59.999,1876.8813907,1917.59786075,1855.59084781,1898.82521323,13364282075.86,1886.59435428
2021-07-18 23:59:59.999,1900.19436355,1988.33647322,1883.01259139,1895.5521368,13791868728.03,1935.674532305
2021-07-19 23:59:59.999,1893.05362407,1916.11804642,1807.90987918,1817.29665658,14157735481.02,1862.0139628
2021-07-20 23:59:59.999,1819.08199934,1836.99802515,1722.05078095,1787.51071384,17368597636.35,1779.52440305
2021-07-21 23:59:59.999,1786.2762751,2025.68042913,1759.02326113,1990.97088199,21253359756.19,1892.3518451300001
2021-07-22 23:59:59.999,1994.82283397,2044.11650768,1954.29788114,2025.20278418,17495480331.39,1999.20719441
2021-07-23 23:59:59.999,2025.10570592,2129.44114558,2000.43629475,2124.77667106,16200392492.01,2064.9387201649997
2021-07-24 23:59:59.999,2123.96121342,2197.64953352,2107.32354476,2189.21874674,16057446600.95,2152.48653914
2021-07-25 23:59:59.999,2187.14542242,2194.43819616,2108.82985924,2191.37373048,14566483636.23,2151.6340277
2021-07-26 23:59:59.999,2191.30988759,2428.81724775,2177.32949385,2233.36662352,29614324232.79,2303.0733708
2021-07-27 23:59:59.999,2230.1970236,2316.95017117,2154.73128113,2298.33346431,23067480378.3,2235.8407261499997
2021-07-28 23:59:59.999,2302.0813122,2341.77775771,2250.91394356,2296.54549893,18991302378.06,2296.345850635
2021-07-29 23:59:59.999,2299.01190053,2396.45189118,2273.40483323,2380.95675344,16313373112.54,2334.9283622049998
2021-07-30 23:59:59.999,2382.54525385,2469.70477436,2322.33705205,2466.96151071,20212848934.21,2396.020913205
2021-07-31 23:59:59.999,2461.57571887,2551.16108426,2423.8160568,2536.21003475,18001710282.76,2487.48857053
2021-08-01 23:59:59.999,2530.46279155,2695.42949418,2520.93198915,2561.85215266,22697987055.17,2608.180741665
2021-08-02 23:59:59.999,2557.77475474,2665.73092174,2511.37517826,2610.15342227,22162754104.05,2588.5530500000004
2021-08-03 23:59:59.999,2609.41297501,2630.314227,2449.35353558,2502.3495771,22696753413.21,2539.83388129
2021-08-04 23:59:59.999,2508.54483385,2764.44359605,2463.46941907,2724.61989291,25038698172.55,2613.9565075600003
2021-08-05 23:59:59.999,2725.66963172,2840.43074788,2540.68406122,2827.32894604,31057928075.39,2690.55740455
2021-08-06 23:59:59.999,2827.50348587,2944.90335247,2727.79266115,2890.9417282,26528577879.24,2836.34800681
2021-08-07 23:59:59.999,2891.70746867,3170.22972729,2868.53555402,3157.23877128,33081467129.21,3019.3826406549997
2021-08-08 23:59:59.999,3161.23277909,3184.60397147,2951.7472268,3013.73275583,28433638007.93,3068.175599135
2021-08-09 23:59:59.999,3012.88571067,3185.70118746,2900.92591696,3167.85622304,31983260935.98,3043.31355221
2021-08-10 23:59:59.999,3163.0500306,3228.94069428,3059.22898754,3141.69117023,27605221709.56,3144.08484091
2021-08-11 23:59:59.999,3142.83037024,3269.20950871,3122.91645832,3164.24504575,26729035052.24,3196.0629835150003
2021-08-12 23:59:59.999,3164.17580762,3236.31471288,2984.16708586,3043.41434022,25403699845.38,3110.24089937
2021-08-13 23:59:59.999,3049.00116338,3324.67161804,3037.67596399,3322.21175551,23868866253.74,3181.173791015
2021-08-14 23:59:59.999,3322.76269594,3329.28089123,3214.51977669,3265.44335714,19860862132.76,3271.9003339600004
2021-08-15 23:59:59.999,3266.27605214,3320.0841259,3117.79164698,3310.50417134,22166205051.3,3218.93788644
2021-08-16 23:59:59.999,3309.42207261,3333.99493341,3139.77854262,3156.50942728,23080039948.94,3236.886738015
2021-08-17 23:59:59.999,3149.38036774,3288.81268799,2996.46822135,3014.84603892,25509056744.81,3142.64045467
2021-08-18 23:59:59.999,3011.96372132,3124.97605596,2959.0284301,3020.08992003,21539248425.07,3042.00224303
2021-08-19 23:59:59.999,3019.12694353,3184.43564681,2963.1502544,3182.70222539,19546290359.87,3073.792950605
2021-08-20 23:59:59.999,3182.1625608,3298.24662256,3178.10371046,3286.93532606,20885619827.66,3238.17516651
2021-08-21 23:59:59.999,3286.93172388,3307.35161904,3209.86612221,3226.08393694,18113977628.12,3258.6088706250002
2021-08-22 23:59:59.999,3226.22734293,3272.73320687,3142.00715501,3242.11555659,15983278460.34,3207.37018094
2021-08-23 23:59:59.999,3241.3575434,3373.38425973,3235.85131662,3319.25727377,20511110509.2,3304.617788175
2021-08-24 23:59:59.999,3324.85545576,3358.68831957,3154.12131888,3172.45639017,20131028905.81,3256.404819225
2021-08-25 23:59:59.999,3174.26977231,3248.72735803,3086.11490476,3224.91517738,18902728234.8,3167.421131395
2021-08-26 23:59:59.999,3228.74732659,3249.65528103,3060.22869554,3100.32543567,17405668116.68,3154.9419882849998
2021-08-27 23:59:59.999,3096.40591463,3281.84057971,3064.48505688,3270.6008315,18489602003.97,3173.162818295
2021-08-28 23:59:59.999,3275.10446885,3284.84596028,3217.40356823,3244.40326129,13709633698.05,3251.1247642549997
2021-08-29 23:59:59.999,3246.7710669,3283.23553676,3158.84027917,3227.00277414,13296586731.39,3221.037907965
2021-08-30 23:59:59.999,3227.19274806,3346.58104487,3151.44468388,3224.37414829,19306924485.28,3249.012864375
2021-08-31 23:59:59.999,3227.75803268,3466.9922831,3195.21653527,3433.73278118,27280502987.45,3331.104409185
2021-09-01 23:59:59.999,3430.76234307,3836.86739388,3387.40856785,3834.82800549,30070890103.59,3612.137980865
2021-09-02 23:59:59.999,3825.02772431,3830.71136478,3726.75047373,3790.99008761,24387397329.73,3778.730919255
2021-09-03 23:59:59.999,3787.48653447,4022.46935966,3712.67824794,3940.61473675,26207765093.78,3867.5738038
2021-09-04 23:59:59.999,3937.91022551,3969.44873935,3837.93105389,3887.82849032,20806963328.18,3903.6898966199997
2021-09-05 23:59:59.999,3886.330957,3979.1865858,3838.48739897,3952.13349685,18371468576.21,3908.836992385
2021-09-06 23:59:59.999,3951.52081413,3968.42648344,3868.9944486,3928.3794378,18674691198.04,3918.7104660200002
2021-09-07 23:59:59.999,3926.52752333,3945.31409391,3062.22240633,3426.39431843,39131346397.29,3503.7682501199997
2021-09-08 23:59:59.999,3428.37807246,3559.12122566,3224.76478381,3497.3151233,31738430770.55,3391.943004735
2021-09-09 23:59:59.999,3452.54838118,3562.9925795,3400.51714987,3427.34018594,24118055830.66,3481.754864685
2021-09-10 23:59:59.999,3425.56499941,3512.5711705,3157.05900856,3211.50584011,22355974097.28,3334.81508953
2021-09-11 23:59:59.999,3209.03051899,3346.52633768,3208.96193258,3270.27812481,18627122934.15,3277.74413513
2021-09-12 23:59:59.999,3270.29179564,3462.46814326,3235.10944575,3410.13459276,16810411423.56,3348.7887945049997
2021-09-13 23:59:59.999,3407.47198321,3426.50230852,3121.514068268308,3285.511766263861,22721552948.27,3274.008188394154
2021-09-14 23:59:59.999,3286.3163644531082,3429.169636597516,3273.630978612371,3429.169636597516,19125420848.41,3351.4003076049435
2021-09-15 23:59:59.999,3431.2172263145185,3615.282616378894,3365.9130356287124,3615.282616378894,17548551803.79,3490.597826003803
2021-09-16 23:59:59.999,3613.0736241281156,3673.3108990604997,3489.8057446122684,3571.2949350055046,20093903064.17,3581.558321836384
2021-09-17 23:59:59.999,3569.5682095235215,3589.3051402310716,3356.4499688579,3398.538777821521,17722363229.19,3472.877554544486
2021-09-18 23:59:59.999,3397.4227385098966,3540.807599407482,3371.8924060174327,3432.018234624032,15995220233.35,3456.3500027124574
2021-09-19 23:59:59.999,3433.2879588414426,3448.322104802795,3286.17242531426,3329.447894898392,14257609743.18,3367.247265058528
2021-09-20 23:59:59.999,3329.670715229868,3343.325417477933,2940.839160476023,2958.993504728316,27371684581.43,3142.082288976978
2021-09-21 23:59:59.999,2977.3104428816773,3101.697582235956,2676.407414783959,2764.431130864969,30405062664.57,2889.0524985099573
2021-09-22 23:59:59.999,2763.209193081531,3089.0829435746923,2741.440558389288,3077.867980527073,23742102644.95,2915.26175098199
2021-09-23 23:59:59.999,3077.974358079742,3173.5446960640857,3038.0978842163986,3155.5237338611523,18516291046.56,3105.821290140242
2021-09-24 23:59:59.999,3154.5621212769893,3159.6439410349244,2747.3375899351367,2931.669216719692,25595422789.23,2953.4907654850304
2021-09-25 23:59:59.999,2930.8848345239894,2968.9945344837834,2818.970350660725,2925.565608690162,18932786753.9,2893.9824425722545
2021-09-26 23:59:59.999,2926.3431262516156,3114.857398109191,2744.582907028066,3062.2653558037177,21172766310.41,2929.7201525686287
2021-09-27 23:59:59.999,3065.837985073664,3163.665008042025,2932.6928245498243,2934.1387982985507,19164053680.85,3048.178916295925
2021-09-28 23:59:59.999,2928.9632928602737,2970.770486337218,2793.3605080171105,2807.2967397712478,16895079070.2,2882.065497177164
2021-09-29 23:59:59.999,2809.297584234583,2946.881283102158,2786.988236032204,2853.1433729158744,15763456157.67,2866.9347595671807
2021-09-30 23:59:59.999,2852.5588398648642,3046.5194210921704,2840.2894853221237,3001.679051738826,17661065099.26,2943.404453207147
2021-10-01 23:59:59.999,3001.129305823102,3329.8534866976775,2978.654415166932,3307.5160778952013,22307625572.73,3154.2539509323046
2021-10-02 23:59:59.999,3308.8704033521967,3464.8373802189926,3260.0275377680236,3391.694346949812,19202671703.53,3362.432458993508
2021-10-03 23:59:59.999,3390.767458943869,3484.605772058551,3348.120177537203,3418.3586596174073,15516566862.06,3416.3629747978766
2021-10-04 23:59:59.999,3418.776256222554,3434.7754471012204,3283.4487945170836,3380.089200379371,17747154100.82,3359.1121208091517
2021-10-05 23:59:59.999,3381.7844296091166,3541.4517053307673,3365.817722595069,3518.518517366793,16632591669.9,3453.634713962918
2021-10-06 23:59:59.999,3516.5702189817835,3622.551250236345,3354.4696453725,3580.562049118014,21855226591.2,3488.5104478044223
2021-10-07 23:59:59.999,3576.8145569333674,3650.013232195527,3479.9092268533363,3587.974768107968,19090322926.51,3564.9612295244315
2021-10-08 23:59:59.999,3587.8328404874937,3667.9575290710673,3547.8280148071913,3563.7592193153064,16222029488.2,3607.8927719391295
2021-10-09 23:59:59.999,3559.997868866768,3628.2372528923065,3544.640323409703,3575.7168601111002,12707036941.64,3586.4387881510047
2021-10-10 23:59:59.999,3575.0206237472453,3603.244922666122,3414.9710463400124,3425.8528528103116,16171746693.48,3509.107984503067
2021-10-11 23:59:59.999,3419.72690431627,3622.289517307744,3385.7616989573025,3545.354076250341,18579189587.53,3504.0256081325233
2021-10-12 23:59:59.999,3546.477836677041,3546.477836677041,3407.338087017819,3492.5732717932847,18109578442.54,3476.9079618474298
2021-10-13 23:59:59.999,3492.753542060577,3607.7416439863787,3417.6020901812117,3606.2015802321803,16211275588.61,3512.6718670837954
2021-10-14 23:59:59.999,3604.9589145278396,3819.2584774684865,3590.275200180588,3786.0140899272646,19443499909.33,3704.7668388245374
2021-10-15 23:59:59.999,3790.154402608073,3895.4662789755953,3735.3635087669613,3862.634765441386,20966841512.16,3815.4148938712783
2021-10-16 23:59:59.999,3865.6665676774523,3962.4531339241207,3805.8860236324,3830.382149137101,16578095629.45,3884.16957877826
2021-10-17 23:59:59.999,3829.858809861059,3914.898064916325,3660.723387232169,3847.104595476458,15908090346.33,3787.810726074247
2021-10-18 23:59:59.999,3847.730052178523,3888.2092830042793,3686.75038519043,3748.7601406390168,17386204157.67,3787.479834097355
2021-10-19 23:59:59.999,3747.1629046506246,3883.9286408991425,3736.780181799583,3877.6509745210305,15998757132.88,3810.3544113493626
2021-10-20 23:59:59.999,3877.731010929058,4167.472406975284,3833.2879903029316,4155.992210901629,20338319988.08,4000.3801986391077
2021-10-21 23:59:59.999,4161.713580745146,4366.088358959101,4032.4838876682284,4054.3226805850322,28220661819.63,4199.286123313665
2021-10-22 23:59:59.999,4055.6864706362094,4162.975429367041,3908.340272621302,3970.181904126345,19432937968.08,4035.657850994172
2021-10-23 23:59:59.999,3971.356462061914,4171.663531678276,3944.6317740569434,4171.663531678276,14781537792.34,4058.1476528676094
2021-10-24 23:59:59.999,4171.856105918791,4185.729250896637,3967.1204423083927,4087.903005026591,14978083637.99,4076.4248466025147
2021-10-25 23:59:59.999,4084.4256657301903,4236.667124287589,4072.0346013778867,4217.8769262219475,15995727039.79,4154.350862832738
2021-10-26 23:59:59.999,4217.33792555515,4289.131262173443,4106.823900359843,4131.102002775296,17157714562.43,4197.977581266643
2021-10-27 23:59:59.999,4132.1733503005125,4299.153044409603,3930.2572450471234,3930.2572450471234,26219530404.47,4114.705144728363
2021-10-28 23:59:59.999,3924.815524026298,4293.151100995379,3905.7061144461127,4287.318631928624,25958154574.72,4099.428607720746
2021-10-29 23:59:59.999,4288.686671292467,4455.735396938789,4271.707345688971,4414.7466822498345,22967641914.1,4363.72137131388
2021-10-30 23:59:59.999,4414.24344770431,4426.848659068776,4252.4939206411145,4325.650366005572,14615490625.6,4339.671289854945
2021-10-31 23:59:59.999,4322.744372641117,4394.449880374158,4179.016007213095,4288.074452472309,17498160237.85,4286.732943793626
2021-11-01 23:59:59.999,4288.217469657601,4377.322191448947,4160.966843056112,4324.626793776302,17985288261.13,4269.144517252529
2021-11-02 23:59:59.999,4322.5010563588185,4599.948410373378,4288.686750753931,4584.798668356236,20794448222.01,4444.317580563655
2021-11-03 23:59:59.999,4589.6846159427805,4664.910075576871,4462.976106779716,4607.193607027514,21220463154.66,4563.943091178294
2021-11-04 23:59:59.999,4604.678631583209,4606.516313250314,4426.62276349036,4537.324081282544,18415244464.32,4516.569538370337
2021-11-05 23:59:59.999,4537.423370497416,4570.8959514885,4447.487296046903,4486.243405210834,15086003585.9,4509.1916237677015
2021-11-06 23:59:59.999,4482.6479733818915,4530.996952895611,4334.973587056295,4521.581082805599,14429076699.57,4432.985269975953
2021-11-07 23:59:59.999,4523.982160670839,4640.922036607627,4510.984411221741,4620.5545029476225,13541376033.01,4575.953223914684
2021-11-08 23:59:59.999,4619.649549375261,4822.363241738584,4619.649549375261,4812.0876135348,19290896266.78,4721.006395556922
2021-11-09 23:59:59.999,4810.071532536293,4837.5895567437,4718.039256083091,4735.06875501077,20834172626.69,4777.814406413396
2021-11-10 23:59:59.999,4733.362959837321,4859.503072883481,4485.093443567235,4636.174213813707,22748160544.75,4672.298258225358
2021-11-11 23:59:59.999,4635.453797325178,4778.059224380555,4580.990086201127,4730.384038503774,17933201128.75,4679.524655290841
2021-11-12 23:59:59.999,4724.306610078126,4808.738602405032,4510.920605031075,4667.115437208397,18316060207.7,4659.8296037180535
2021-11-13 23:59:59.999,4666.7191451080525,4702.115087106511,4582.180610334746,4651.460545017984,14457436260.75,4642.147848720629
2021-11-14 23:59:59.999,4648.632579269663,4689.842945619325,4516.935772447578,4626.359125987281,12172962219.01,4603.389359033452
2021-11-15 23:59:59.999,4627.091016546189,4764.636300494176,4546.598989804744,4557.503790450761,16275851298.5,4655.617645149459
2021-11-16 23:59:59.999,4570.478025024083,4891.704697551414,4144.334998408824,4216.365232950796,27417502801.26,4518.019847980118
2021-11-17 23:59:59.999,4213.910749020914,4300.306878978557,4107.126075633907,4287.593935491242,22183461850.24,4203.716477306232
2021-11-18 23:59:59.999,4287.802300702721,4343.556958660463,3959.227789926392,4000.650865138054,21383250893.11,4151.392374293428
2021-11-19 23:59:59.999,3995.7296046679808,4311.714075430935,3982.9173670463138,4298.306619546578,20626269711.44,4147.315721238624
2021-11-20 23:59:59.999,4298.350553082865,4434.3882608016775,4209.242820091941,4409.930925059553,15448261276.7,4321.815540446809
2021-11-21 23:59:59.999,4412.195154606182,4422.491532658523,4255.455284510621,4269.733033786718,14094831413.1,4338.973408584572
2021-11-22 23:59:59.999,4266.509396048974,4302.023111890355,4033.5723000094645,4088.457816555594,19752218876.96,4167.79770594991
2021-11-23 23:59:59.999,4089.6804635940393,4385.483455002561,4069.766581349051,4340.763727469722,22133497058.61,4227.625018175806
2021-11-24 23:59:59.999,4340.035971606296,4376.875776492433,4176.183371559883,4239.981681945077,21838037127.85,4276.529574026158
2021-11-25 23:59:59.999,4271.394667909655,4550.517892603041,4249.774199667525,4274.743241181868,18705358317.77,4400.1460461352835
2021-11-26 23:59:59.999,4522.209032955843,4550.842251357139,3933.5064907621377,4030.909010759338,26281795488.05,4242.174371059638
2021-11-27 23:59:59.999,4042.999049272764,4187.683993942229,4033.5139415953026,4096.912087999504,16515693874.38,4110.598967768766
2021-11-28 23:59:59.999,4101.648806774799,4297.916510624612,3989.969987921651,4294.453696226046,15953126339.81,4143.943249273131
2021-11-29 23:59:59.999,4296.946820336571,4460.848801558938,4284.504734748743,4445.105007840686,19086475837.05,4372.67676815384
2021-11-30 23:59:59.999,4447.767829594377,4753.266163102229,4358.074277785007,4631.478795336078,28626354110.88,4555.670220443619
2021-12-01 23:59:59.999,4623.67944420151,4780.732483901688,4530.27258048268,4586.990131490521,27634826695.15,4655.502532192184
2021-12-02 23:59:59.999,4586.332927751418,4628.920100606054,4441.507606789256,4511.302487650801,21502671026.65,4535.2138536976545
2021-12-03 23:59:59.999,4514.355865987478,4647.289265974768,4100.145613658371,4220.7059283582,25879591527.67,4373.71743981657
2021-12-04 23:59:59.999,4227.761964504613,4242.725637722478,3525.49405370322,4119.587349955657,38478999182.25,3884.1098457128487
2021-12-05 23:59:59.999,4119.628800728166,4246.9234635356315,4040.2175239551666,4198.32287254029,25533062706.69,4143.570493745399
2021-12-06 23:59:59.999,4199.000213266438,4375.520665947015,3930.8065658357336,4358.737544663119,28229518512.78,4153.163615891374
2021-12-07 23:59:59.999,4358.587127600358,4428.589247981659,4264.323633003488,4315.061543208152,22366213353.92,4346.456440492573
2021-12-08 23:59:59.999,4311.674296472863,4453.112302138106,4234.53757527903,4439.357704032381,18704315119.27,4343.824938708568
2021-12-09 23:59:59.999,4433.025049219936,4482.314098365039,4078.8442034997506,4119.81579811935,22296131874.28,4280.579150932395
2021-12-10 23:59:59.999,4113.588536595352,4227.1116059098085,3897.7675035545035,3908.4961885008524,28014595631.08,4062.439554732156
2021-12-11 23:59:59.999,3909.6677753191725,4095.6485248214262,3846.054477279807,4084.4523285721334,19131502454.27,3970.8515010506167
2021-12-12 23:59:59.999,4084.81133172661,4173.608902806296,3993.0559999352636,4134.45333147928,14057603913.79,4083.33245137078
2021-12-13 23:59:59.999,4136.359742372724,4145.955311579591,3680.6091655165287,3784.226787869269,23999841385.64,3913.2822385480595
2021-12-14 23:59:59.999,3782.8228670094973,3866.633772140486,3700.104767007236,3745.4403998742964,23836759957.16,3783.369269573861
2021-12-15 23:59:59.999,3862.251412890073,4086.3728955737797,3664.719884694948,4018.388602869822,26411188833.15,3875.5463901343637
2021-12-16 23:59:59.999,4020.414921898121,4110.368589483268,3956.057021859181,3962.46963859269,19825531253.7,4033.2128056712245
2021-12-17 23:59:59.999,3959.0125133183947,3992.7924137441587,3711.424545965053,3879.4866765734732,23143541097.95,3852.108479854606
2021-12-18 23:59:59.999,3880.2914892857225,3993.829940677353,3774.6150167134174,3960.8600159608195,19530895888.65,3884.2224786953852
2021-12-19 23:59:59.999,3960.8723470865357,4018.65849635624,3894.398631961774,3922.5926443658986,16167785597.07,3956.528564159007
2021-12-20 23:59:59.999,3923.695750107671,3980.0985963709118,3759.4032003025836,3933.8445317309197,21589690674.53,3869.750898336748
2021-12-21 23:59:59.999,3938.463847661892,4058.8212844654313,3918.8380005931017,4020.26003953055,16388555197.52,3988.8296425292665
2021-12-22 23:59:59.999,4018.6959082412204,4073.7915105334787,3947.6901560877577,3982.0995306524196,13921756199.38,4010.740833310618
2021-12-23 23:59:59.999,3981.961587154014,4149.026681130235,3897.2344728111098,4108.015512459437,18007273742.24,4023.1305769706723
2021-12-24 23:59:59.999,4111.344979246337,4134.106319224636,4029.064564411322,4047.982888819954,12769090622.85,4081.585441817979
2021-12-25 23:59:59.999,4049.781946746478,4138.565133733637,4027.927018464568,4093.280911135583,10894785525.31,4083.2460760991025
2021-12-26 23:59:59.999,4094.151678350557,4105.024156544531,4013.0263043599616,4067.328096647009,11197244171.86,4059.0252304522464
2021-12-27 23:59:59.999,4064.746410679835,4126.001439471383,4033.49246870525,4037.547692242496,11424360002.26,4079.746954088316
2021-12-28 23:59:59.999,4037.5380429311963,4037.5380429311963,3769.2799307939918,3800.893085340275,17299472802.79,3903.4089868625942
2021-12-29 23:59:59.999,3797.4362909587726,3827.981968088258,3612.79594674848,3628.5316708250143,15722555672.48,3720.388957418369
2021-12-30 23:59:59.999,3632.219817177908,3767.5598700983696,3595.2048825948127,3713.8521625698563,12925377998.92,3681.382376346591
2021-12-31 23:59:59.999,3713.4300930651625,3807.2889197072745,3636.869897476039,3682.632905443364,14157285267.65,3722.079408591657
2022-01-01 23:59:59.999,3683.0471559385887,3769.9178619766976,3682.2866312919773,3769.696916008926,9776191466.35,3726.1022466343375
2022-01-02 23:59:59.999,3769.2984373233558,3836.161804506331,3727.357508483227,3829.5650445369884,9881471547.68,3781.759656494779
2022-01-03 23:59:59.999,3829.535741146812,3836.1988101981856,3698.0476858298994,3761.3802740697897,12080777892.77,3767.1232480140425
2022-01-04 23:59:59.999,3761.361569175725,3876.7850857924327,3723.349961777305,3794.0566786783743,14030925983.17,3800.067523784869
2022-01-05 23:59:59.999,3794.2691446284102,3842.0597282878407,3456.7453961599936,3550.3868815396604,18061338501.56,3649.402562223917
2022-01-06 23:59:59.999,3549.7091041060817,3549.7091041060817,3335.376628777197,3418.408247141871,24293791313.07,3442.5428664416395
2022-01-07 23:59:59.999,3417.8378749353446,3420.4619557065557,3117.381448252825,3193.210483285389,24494179209.06,3268.9217019796906
2022-01-08 23:59:59.999,3193.5025462263275,3240.304481417435,3020.880901329044,3091.972583867502,16037732700.47,3130.592691373239
2022-01-09 23:59:59.999,3091.69637194102,3206.7907910497634,3075.9113159336234,3157.751484557352,12334683863.05,3141.351053491693
2022-01-10 23:59:59.999,3157.570466972131,3177.21346407473,2947.6836134591426,3083.0979490510763,19535744144.57,3062.4485387669365
2022-01-11 23:59:59.999,3082.9909615475603,3247.51198634657,3061.1406931132956,3238.111649361378,15211447193.44,3154.326339729933
2022-01-12 23:59:59.999,3238.4499924874444,3401.219927200731,3216.7179514698246,3372.2583258486825,16662871689.19,3308.968939335278
2022-01-13 23:59:59.999,3372.104952721625,3396.9697117423166,3247.9174277195216,3248.2884758019914,15294466274.57,3322.443569730919
2022-01-14 23:59:59.999,3248.648801333647,3330.7661873162,3203.8237612978082,3310.001422704657,13562957229.72,3267.294974307004
2022-01-15 23:59:59.999,3309.8442103283305,3364.5377283862385,3278.6708987034363,3330.53084555918,9619999077.84,3321.604313544837
2022-01-16 23:59:59.999,3330.3870946805046,3376.4012018429257,3291.563722156396,3350.9219689818883,9505934873.65,3333.9824619996607
2022-01-17 23:59:59.999,3350.9471774776275,3355.8193301296055,3157.2241662606225,3212.304897082855,12344309617.28,3256.521748195114
2022-01-18 23:59:59.999,3212.287601923892,3236.01614678147,3096.123460083681,3164.025253529788,13024154091.02,3166.0698034325756
2022-01-19 23:59:59.999,3163.8502713069984,3171.1583980360815,3055.2123779375215,3095.8258381686364,13187424143.89,3113.1853879868013
2022-01-20 23:59:59.999,3095.2716123862688,3265.336814010956,3000.908133162189,3001.1200383968926,10645922763.62,3133.1224735865726
2022-01-21 23:59:59.999,3002.956891275347,3029.0810179437876,2496.813073547933,2557.9316232199067,26796291873.93,2762.94704574586
2022-01-22 23:59:59.999,2561.145322027309,2615.247243603778,2330.247273784896,2405.1810654010064,27369692035.55,2472.747258694337
2022-01-23 23:59:59.999,2406.9244157031853,2542.144737658313,2381.51515889925,2535.039051060624,16481489511.36,2461.8299482787816
2022-01-24 23:59:59.999,2535.891002185269,2537.208516131196,2172.301152515667,2440.35232593751,28220804647.89,2354.7548343234316
2022-01-25 23:59:59.999,2440.3934604949613,2498.507013308766,2359.384847711095,2455.9349620984835,16179776931.53,2428.945930509931
2022-01-26 23:59:59.999,2455.57907188928,2705.784066246781,2417.6832066719753,2468.0302778127093,21229909339.59,2561.7336364593784
2022-01-27 23:59:59.999,2467.188459547473,2510.4516873629964,2328.452266859127,2423.001263417166,16126522782.62,2419.4519771110618
2022-01-28 23:59:59.999,2421.6469102964784,2548.7785685493027,2367.833737438764,2547.091977643919,14666227351.34,2458.3061529940333
2022-01-29 23:59:59.999,2546.590514494874,2627.609409693102,2526.9896439376766,2597.0846923895083,11172062661.07,2577.299526815389
2022-01-30 23:59:59.999,2598.5649902951563,2631.408416407937,2550.461009065929,2603.4665820569303,9501221176.92,2590.934712736933
2022-01-31 23:59:59.999,2603.263396351181,2697.735367568605,2489.0721760023666,2688.278921799287,13778234613.69,2593.403771785486
2022-02-01 23:59:59.999,2687.89895169732,2802.315458326544,2682.621877318411,2792.1172443761916,13194846234.95,2742.4686678224775
2022-02-02 23:59:59.999,2791.958877885991,2802.2120790685995,2630.120305001073,2682.8539830122654,13876301217.22,2716.166192034836
2022-02-03 23:59:59.999,2682.2260400518285,2712.4827548493436,2587.7833621636696,2679.162508002725,12755505065.26,2650.1330585065066
2022-02-04 23:59:59.999,2681.057587755385,2983.586995224568,2675.443950408321,2983.586995224568,18987223728.98,2829.5154728164443
2022-02-05 23:59:59.999,2984.44600116913,3054.130158172817,2966.7809609793976,3014.648309726498,13102093957.36,3010.4555595761076
2022-02-06 23:59:59.999,3014.9597560598777,3061.2611522514285,2965.4299502643125,3057.4761243595913,9466018022.46,3013.3455512578703
2022-02-07 23:59:59.999,3057.4219983770454,3182.5284395789918,3002.927079145509,3142.4706148147848,15197063785.32,3092.7277593622503
2022-02-08 23:59:59.999,3143.0084647843964,3219.4726050535837,3038.377826765815,3122.6085685691114,17136080905.84,3128.9252159096995
2022-02-09 23:59:59.999,3121.1825430252843,3263.155714938808,3063.1601980066825,3239.4571147106153,13951308490.42,3163.1579564727454
2022-02-10 23:59:59.999,3240.1131442525516,3271.316153917332,3070.3781038805905,3077.48223904957,18629485080.25,3170.8471288989613
2022-02-11 23:59:59.999,3077.413063393154,3127.4507280159796,2888.7078686667896,2927.383632819214,16043881064.68,3008.079298341385
2022-02-12 23:59:59.999,2927.386411050631,2980.079422852294,2870.177011864851,2917.3626816608376,11254355756.53,2925.1282173585723
2022-02-13 23:59:59.999,2916.7894701585146,2947.7765956979224,2845.397612890049,2883.4634878656907,9054963563.02,2896.5871042939857
2022-02-14 23:59:59.999,2880.187675544802,2957.9637287199103,2840.2575140864606,2933.4790355069563,12164552171.52,2899.110621403185
2022-02-15 23:59:59.999,2933.7291030565552,3185.5207014856505,2917.857288404396,3179.877075974727,13921257873.27,3051.6889949450233
2022-02-16 23:59:59.999,3180.4468041023815,3181.616886202984,3055.168205336904,3127.830116565106,12352406833.1,3118.3925457699443
2022-02-17 23:59:59.999,3126.8584998524475,3154.615269902824,2861.852062914791,2881.4820381632894,15860206213.94,3008.2336664088075
2022-02-18 23:59:59.999,2884.340648342292,2937.308673538731,2761.6432448727014,2785.727490966771,15748173432.77,2849.475959205716
2022-02-19 23:59:59.999,2784.872899261173,2826.347909706884,2707.3784547445593,2763.701213990071,9774183168.69,2766.8631822257216
2022-02-20 23:59:59.999,2763.7566583663634,2763.7566583663634,2585.946398052913,2628.648542862557,11641437833.56,2674.851528209638
2022-02-21 23:59:59.999,2627.665450650613,2752.458513797529,2568.2544535790494,2573.8162259348583,18646392739.73,2660.3564836882892
2022-02-22 23:59:59.999,2572.898566932548,2648.9166941873973,2510.6787049045192,2639.299263246235,16360200507.0,2579.7976995459585
2022-02-23 23:59:59.999,2639.447010232523,2741.3684391287256,2587.4129553484736,2590.359620865683,13382637239.98,2664.3906972385994
2022-02-24 23:59:59.999,2588.166182727787,2689.0476377230643,2308.914730636986,2598.0671601064273,29312342665.54,2498.981184180025
2022-02-25 23:59:59.999,2598.4362908278863,2821.9724348295645,2579.2079821473544,2764.535656115659,17208902047.62,2700.590208488459
2022-02-26 23:59:59.999,2764.989506707563,2849.423985007696,2745.009070520204,2781.1119039296113,11724648351.01,2797.21652776395
2022-02-27 23:59:59.999,2780.5043817430683,2831.125542776425,2581.61566246627,2621.801793984436,16150857253.62,2706.3706026213476
2022-02-28 23:59:59.999,2621.1721497980047,2929.180525118693,2586.3881120640153,2919.20122865545,19266124733.01,2757.7843185913543
2022-03-01 23:59:59.999,2919.775877952208,3029.6515598418837,2868.9389994087555,2972.4850662483527,18757425785.63,2949.2952796253194
2022-03-02 23:59:59.999,2972.471971041683,3026.8682796892253,2919.943099212874,2950.118500639465,16636517503.47,2973.4056894510495
2022-03-03 23:59:59.999,2950.156661786821,2964.673394211471,2797.3192999154257,2834.4691051703207,13091199728.3,2880.9963470634484
2022-03-04 23:59:59.999,2834.9874030791343,2835.1763168180823,2587.748176349073,2617.156027878714,14496939024.25,2711.462246583578
2022-03-05 23:59:59.999,2618.4735331241145,2679.10246396313,2596.9900060637174,2664.8311744432795,8072368396.08,2638.046235013424
2022-03-06 23:59:59.999,2664.943597268984,2673.637165947982,2555.0374406482138,2555.0374406482138,8872976606.77,2614.337303298098
2022-03-07 23:59:59.999,2555.297578232919,2639.943218984963,2455.5937269855594,2497.7713203996627,14594098730.83,2547.7684729852613
2022-03-08 23:59:59.999,2497.7214311429725,2618.166119704676,2489.755243946947,2576.7476117080832,13922922903.13,2553.9606818258117
2022-03-09 23:59:59.999,2577.1653630691885,2761.7964691671946,2573.65518940416,2729.7835041625153,14173665398.18,2667.7258292856773
2022-03-10 23:59:59.999,2729.1165507057603,2729.1165507057603,2566.19314652452,2608.0484975849813,13292477213.27,2647.6548486151405
2022-03-11 23:59:59.999,2608.271174522674,2664.5586854261246,2534.688169534571,2559.563044284457,12382419581.61,2599.623427480348
2022-03-12 23:59:59.999,2559.660726166692,2606.438612848707,2559.126906328749,2574.754205165515,6532996573.55,2582.7827595887284
2022-03-13 23:59:59.999,2573.487982305509,2594.5496903307967,2503.8851776895785,2518.944631169332,8632000379.38,2549.2174340101874
2022-03-14 23:59:59.999,2518.486310962477,2604.0344339095814,2505.2992261970558,2590.6960509187375,11244398838.95,2554.6668300533183
2022-03-15 23:59:59.999,2590.668933852167,2662.3295325798713,2515.765983111788,2620.149624725306,12861105614.48,2589.0477578458294
2022-03-16 23:59:59.999,2620.0284850657113,2781.3072306108907,2610.764507503508,2772.0556183272115,17915109769.41,2696.0358690571993
2022-03-17 23:59:59.999,2771.9640191501067,2826.1605781902267,2751.5607251919473,2814.854434207781,12685265194.3,2788.860651691087
2022-03-18 23:59:59.999,2814.434669620251,2973.6161369265105,2774.855636017153,2945.343025239628,15830879092.92,2874.2358864718317
2022-03-19 23:59:59.999,2944.7217436815426,2979.986956966134,2910.802203442178,2946.2571390433504,11576463120.11,2945.3945802041562
2022-03-20 23:59:59.999,2946.5476548411452,2956.96546279808,2826.107380677955,2860.4591299715325,12684727326.19,2891.5364217380175
2022-03-21 23:59:59.999,2860.103182092205,2954.5566753215617,2838.2504777352087,2897.9766804407122,15206116098.46,2896.403576528385
2022-03-22 23:59:59.999,2897.7740978843085,3040.38276456039,2892.5445014176166,2973.1311309303833,16830539230.05,2966.4636329890036
2022-03-23 23:59:59.999,2973.1450502842395,3036.752160672597,2933.306734337347,3031.0670246895493,16008767657.51,2985.029447504972
2022-03-24 23:59:59.999,3031.0608259816645,3118.387773590167,3012.3266268645184,3108.061909624908,18070503166.46,3065.3572002273427
2022-03-25 23:59:59.999,3108.4490361844128,3183.9579671075853,3087.4908302393314,3106.671279528012,17030503831.09,3135.7243986734584
2022-03-26 23:59:59.999,3106.405395018773,3146.825408843716,3091.825350520101,3143.1790657448714,8876420740.24,3119.3253796819085
2022-03-27 23:59:59.999,3143.795603403364,3291.5775859524606,3129.997758063068,3291.5775859524606,13431866833.79,3210.7876720077643
2022-03-28 23:59:59.999,3292.322394119644,3424.019264847157,3279.0271764160234,3336.6345722640262,20620450770.12,3351.5232206315904
2022-03-29 23:59:59.999,3335.0211544606664,3470.1863042731243,3335.0211544606664,3401.98773803848,19533323636.12,3402.603729366895
2022-03-30 23:59:59.999,3401.5262172196585,3435.286169209761,3349.237052763543,3385.1578971364734,15302506130.9,3392.261610986652
2022-03-31 23:59:59.999,3385.2893589839086,3435.1284195050075,3272.9346632836982,3281.642878156622,17685495685.68,3354.0315413943526
2022-04-01 23:59:59.999,3282.5761675899967,3467.5559079982786,3223.8913040260577,3449.5521302966567,20982988936.67,3345.723606012168
2022-04-02 23:59:59.999,3449.7886623859326,3521.284678164226,3442.0001602178636,3445.0593709592176,23571556214.77,3481.6424191910446
2022-04-03 23:59:59.999,3444.8106629310482,3573.960243433573,3421.2597790567024,3522.8334004960834,15333808649.33,3497.6100112451377
2022-04-04 23:59:59.999,3522.3649308715867,3535.1480771606284,3422.0010296329406,3521.241136658852,18209969743.13,3478.5745533967847
2022-04-05 23:59:59.999,3521.2397830665295,3546.7068571415707,3410.547512488862,3411.7925088849843,16681503199.28,3478.6271848152164
2022-04-06 23:59:59.999,3411.672097476066,3411.672097476066,3171.204968273971,3171.6920096724593,25632563638.64,3291.4385328750186
2022-04-07 23:59:59.999,3172.1973614503872,3263.4745576398354,3155.580992461411,3233.2747071582644,16745496604.92,3209.527775050623
2022-04-08 23:59:59.999,3233.2724023532446,3301.607533046981,3179.142428245881,3192.074043683426,17557050668.9,3240.374980646431
2022-04-09 23:59:59.999,3191.9760162094085,3261.9631032775164,3187.4692094337156,3261.91617086529,9908112155.83,3224.716156355616
2022-04-10 23:59:59.999,3261.291416623483,3303.003095439475,3211.8668836881106,3211.8668836881106,10427054789.95,3257.434989563793
2022-04-11 23:59:59.999,3209.576992525944,3214.4618628243525,2962.75648012511,2981.05231442881,21891804830.5,3088.6091714747313
2022-04-12 23:59:59.999,2981.4206935274856,3077.4526560985055,2957.872412146855,3030.376455996646,20235707410.31,3017.66253412268
2022-04-13 23:59:59.999,3029.877916167813,3123.5753832974096,3006.4816656071544,3118.344281717038,16088473629.48,3065.028524452282
2022-04-14 23:59:59.999,3117.8217454627797,3139.9286567372833,2988.4353080961214,3019.909509815571,15821419930.94,3064.1819824167023
2022-04-15 23:59:59.999,3020.134530768363,3044.2874413340046,3001.123261700616,3040.9165644004042,11256651535.64,3022.70535151731
2022-04-16 23:59:59.999,3041.123198912779,3074.8869098833297,3016.421096200265,3062.310381205821,8766710364.65,3045.6540030417973
2022-04-17 23:59:59.999,3061.8819276333156,3075.775929659779,2989.0439926136883,2993.403282255771,10463091280.79,3032.4099611367337
2022-04-18 23:59:59.999,2993.4838088844936,3062.5209063647862,2893.912795643144,3057.606716236349,18629381299.06,2978.216851003965
2022-04-19 23:59:59.999,3057.5702607438043,3125.0843457015676,3035.5350916258335,3104.1065209192093,14156035095.91,3080.3097186637006
2022-04-20 23:59:59.999,3103.9349763576315,3157.8857125676027,3045.288318955162,3077.745833383068,15547362265.24,3101.5870157613826
2022-04-21 23:59:59.999,3077.8293698809234,3173.4514044413972,2962.410298115398,2987.480691194362,20783591092.8,3067.9308512783973
2022-04-22 23:59:59.999,2986.9387268138157,3024.854540454738,2942.3587455433926,2964.835612623172,16782795476.79,2983.606642999065
2022-04-23 23:59:59.999,2964.802310414419,2975.322700785999,2926.740272446936,2938.1139934399293,9116955609.47,2951.0314866164676
2022-04-24 23:59:59.999,2937.3471671524317,2961.8821398284035,2922.1286359735723,2922.732643195906,9696829579.36,2942.005387900988
2022-04-25 23:59:59.999,2922.9901873350395,3018.4154702807728,2804.50710377003,3009.393545650332,22332690613.58,2911.4612870254014
2022-04-26 23:59:59.999,3008.946342750078,3026.41503996614,2786.253058726739,2808.2983318586957,19052045398.52,2906.3340493464393
2022-04-27 23:59:59.999,2808.64608851381,2911.8774698070138,2802.273550761997,2888.9297649950013,17419284040.6,2857.075510284505
2022-04-28 23:59:59.999,2888.8497890382296,2973.1349401292346,2861.8214636961675,2936.9410161490628,18443524633.39,2917.478201912701
2022-04-29 23:59:59.999,2936.7765387601476,2943.445708952675,2782.4353869372326,2815.6018973623695,18771041399.05,2862.940547944954
2022-04-30 23:59:59.999,2815.53341994947,2836.8275468671263,2727.4063382466993,2730.1868219831517,13520941867.26,2782.116942556913
2022-05-01 23:59:59.999,2729.994198702286,2838.704253717466,2728.0789595498977,2827.7561442637902,15332730152.03,2783.391606633682
2022-05-02 23:59:59.999,2827.61399644621,2874.1460923185596,2785.5229881266714,2857.4105184866185,18609741544.8,2829.8345402226155
2022-05-03 23:59:59.999,2857.1522977457503,2859.193402112485,2762.11855239261,2783.476208663237,13026093218.72,2810.6559772525475
2022-05-04 23:59:59.999,2783.1312098217845,2956.686887672092,2779.2736228455756,2940.644826652642,18186749944.01,2867.9802552588335
2022-05-05 23:59:59.999,2940.226646817108,2948.960577714306,2704.9161748719275,2749.213042207694,22642925047.88,2826.9383762931166
2022-05-06 23:59:59.999,2748.931576804914,2754.8376841671275,2645.335224800298,2694.9796840564363,21027599269.63,2700.0864544837127
2022-05-07 23:59:59.999,2694.99184556283,2696.652798729868,2599.5233871032265,2636.0929579647172,13369276366.72,2648.0880929165473
2022-05-08 23:59:59.999,2636.121782691565,2638.8305082623538,2498.430058539259,2517.4599862672917,20802269935.31,2568.6302834008065
2022-05-09 23:59:59.999,2518.508380528894,2528.2581724028523,2238.0626571135926,2245.430531634567,36333567677.85,2383.1604147582225
2022-05-10 23:59:59.999,2242.650344690437,2450.760236373528,2206.7569380666578,2343.5108884928645,38202099639.11,2328.758587220093
2022-05-11 23:59:59.999,2342.7542519691524,2441.079462711175,2018.8556131841506,2072.1086793072855,45743399153.68,2229.967537947663
2022-05-12 23:59:59.999,2072.5045784196136,2170.4579698621515,1748.3030634490813,1961.701582831061,42463486401.75,1959.3805166556162
2022-05-13 23:59:59.999,1960.1225470264421,2139.713314695736,1941.9759312277442,2014.4182339084884,24816096567.28,2040.84462296174
2022-05-14 23:59:59.999,2014.2806657431474,2063.429930407625,1956.572948285729,2056.273914657406,15457044615.79,2010.0014393466768
2022-05-15 23:59:59.999,2056.1832217104757,2147.194427595082,2008.1627423063753,2145.7066657035143,14846088334.59,2077.6785849507287
2022-05-16 23:59:59.999,2145.8368067731053,2145.8368067731053,1988.8117308329663,2022.7259340437865,21459552190.69,2067.324268803036
2022-05-17 23:59:59.999,2022.8823537738633,2113.0598992726955,2015.9715226430928,2090.409245952252,18509929297.43,2064.515710957894
2022-05-18 23:59:59.999,2090.459885553642,2102.326655318886,1916.6561061742868,1916.6561061742868,17740965588.8,2009.4913807465864
2022-05-19 23:59:59.999,1916.1495138509135,2028.3881503091798,1907.0205049958547,2018.3361706563676,18734247914.12,1967.7043276525173
2022-05-20 23:59:59.999,2018.000129870723,2054.7960050832075,1926.6767956298356,1961.3156499717184,15892482288.76,1990.7364003565217
2022-05-21 23:59:59.999,1961.0179963528697,1985.3959610391432,1944.2651074545015,1974.5183665274,8546822405.76,1964.8305342468225
2022-05-22 23:59:59.999,1974.670603919785,2047.191436378257,1966.0387800025314,2043.1701255600208,10941123403.41,2006.6151081903943
2022-05-23 23:59:59.999,2042.344786179666,2080.3333765372013,1964.3865810029858,1972.1818889756744,16434529707.66,2022.3599787700937
2022-05-24 23:59:59.999,1972.3908707353557,1991.5354988865838,1920.6881578858954,1978.982754262968,13057109007.09,1956.1118283862397
2022-05-25 23:59:59.999,1978.6770417607845,2014.3695258597795,1943.9385458392312,1944.8278449212269,13364545730.05,1979.1540358495054
2022-05-26 23:59:59.999,1945.033359536731,1962.1710831035846,1759.1995812983696,1803.9132923899772,23458681817.93,1860.685332200977
2022-05-27 23:59:59.999,1802.5438652760563,1814.6565322375736,1721.2647487200795,1724.9228641135264,25470760031.77,1767.9606404788265
2022-05-28 23:59:59.999,1762.4821598245408,1800.4708338131418,1724.6359463509573,1792.416155938061,12897702710.98,1762.5533900820496
2022-05-29 23:59:59.999,1792.1844451290387,1818.776664974501,1765.9373228215436,1812.0309589114972,10642556100.63,1792.3569938980222
2022-05-30 23:59:59.999,1811.8860421101833,2005.2108424770922,1804.4560101915195,1996.44128446348,19580808705.31,1904.8334263343058
2022-05-31 23:59:59.999,1996.4080538851465,2005.4909850528197,1932.3520802902426,1942.3279982557945,18363115559.73,1968.9215326715312
2022-06-01 23:59:59.999,1942.0506177248408,1965.1665820077071,1776.0532124762656,1823.5693574295447,21037797759.71,1870.6098972419863
2022-06-02 23:59:59.999,1822.412115550511,1845.3140169631597,1789.664126974933,1834.1505700354683,17065041354.23,1817.4890719690463
2022-06-03 23:59:59.999,1834.1350208550564,1840.0588336566882,1746.5097601299813,1775.0786195244482,14878001810.98,1793.2842968933346
2022-06-04 23:59:59.999,1775.2208247890328,1810.2996315676642,1751.5333138093167,1801.6094459600702,8677951272.62,1780.9164726884906
2022-06-05 23:59:59.999,1801.8190083175557,1825.859595096628,1777.1332602675332,1805.2049888951608,8850385937.2,1801.4964276820806
2022-06-06 23:59:59.999,1805.6360182342873,1915.0304964044703,1804.9902622306686,1859.2896664778743,16518471851.58,1860.0103793175695
2022-06-07 23:59:59.999,1859.3337559904094,1862.9148737658004,1729.4135487923875,1814.0483019012152,24020076749.7,1796.164211279094
2022-06-08 23:59:59.999,1814.1006537465569,1830.6759978717153,1770.231200127976,1793.5723105531792,18041476022.98,1800.4535989998458
2022-06-09 23:59:59.999,1793.512806862918,1827.2931385896507,1779.867544806434,1789.8260449402633,12013083392.88,1803.5803416980423
2022-06-10 23:59:59.999,1789.689939573479,1797.6077527498594,1663.4339470954444,1665.0422463294599,18504740451.49,1730.520849922652
2022-06-11 23:59:59.999,1665.21793701738,1679.3141980929308,1507.038985862841,1529.6634560071611,21127089063.86,1593.176591977886
2022-06-12 23:59:59.999,1530.1896952144793,1539.7050340886667,1436.1839205991791,1445.21659429778,23465074882.24,1487.944477343923
2022-06-13 23:59:59.999,1443.8354737062982,1448.7380358192165,1181.9482652482293,1204.5828092360675,45162788785.74,1315.343150533723
2022-06-14 23:59:59.999,1204.5553442318271,1252.4718310984733,1094.701913192197,1211.6628946395986,33327826524.97,1173.5868721453353
2022-06-15 23:59:59.999,1211.3659620920544,1236.6275164259641,1025.6842318396332,1233.206442773384,37539999450.27,1131.1558741327985
2022-06-16 23:59:59.999,1233.6034660916775,1246.1406244874188,1058.7845110270478,1067.730721312775,18907671369.29,1152.4625677572333
2022-06-17 23:59:59.999,1067.9877175496733,1112.4716040753667,1060.8677177692127,1086.5193049793975,14591486539.83,1086.6696609222897
2022-06-18 23:59:59.999,1086.3779599430145,1095.166841465251,896.10900908929,993.6368047205408,21655406608.2,995.6379252772706
2022-06-19 23:59:59.999,993.4006602935043,1142.340819185394,943.1163632661361,1127.656466799615,21795481981.07,1042.728591225765
2022-06-20 23:59:59.999,1127.6562680704765,1159.9854021843526,1066.113122111971,1127.6423965513764,19739691429.0,1113.0492621481617
2022-06-21 23:59:59.999,1127.5118917723757,1185.432438044649,1112.5726080352,1124.8245922873095,15632089438.81,1149.0025230399244
2022-06-22 23:59:59.999,1125.372902209857,1126.2616606616393,1049.763324871451,1051.4219027761676,15010593493.23,1088.0124927665452
2022-06-23 23:59:59.999,1051.3292849755123,1146.4942022548917,1050.219613760058,1143.386685511401,14657862919.04,1098.3569080074749
2022-06-24 23:59:59.999,1143.2046590968714,1238.616980282237,1134.514056880032,1226.8447502771176,16981552654.37,1186.5655185811345
2022-06-25 23:59:59.999,1226.7246799598265,1246.3942525487664,1184.5620362598593,1243.446923131926,12481946184.18,1215.4781444043128
2022-06-26 23:59:59.999,1242.9875673311815,1272.131279708514,1199.406337750026,1199.8316334895028,12096607824.46,1235.76880872927
2022-06-27 23:59:59.999,1199.713077131478,1234.1808345629108,1179.792494310977,1193.6807126620024,12492225249.67,1206.986664436944
2022-06-28 23:59:59.999,1193.253970589182,1229.7389997433797,1141.1596191239312,1144.5792743062061,14023205651.22,1185.4493094336553
2022-06-29 23:59:59.999,1144.5243643630229,1152.6847713550783,1092.0991705075453,1098.9438844420613,15386286815.0,1122.3919709313118
2022-06-30 23:59:59.999,1099.3530920434682,1103.6904725799416,1009.094852412711,1067.298799923761,16350755497.0,1056.3926624963262
2022-07-01 23:59:59.999,1068.316818000208,1100.2238816287918,1040.1507259589605,1059.7673821798915,17499453625.04,1070.1873037938763
2022-07-02 23:59:59.999,1060.1212194119078,1073.0525849390847,1033.9621563877133,1066.5127677009505,9935603640.09,1053.507370663399
2022-07-03 23:59:59.999,1066.4674424234483,1083.418978533482,1044.0055831866982,1073.7669875107579,8557248150.38,1063.7122808600902
2022-07-04 23:59:59.999,1073.7942676360988,1152.9438148425847,1048.3963771922192,1151.0590761861313,13670889311.32,1100.670096017402
2022-07-05 23:59:59.999,1150.509823405239,1165.68273714549,1086.8299946399543,1134.5409720818209,16195518290.65,1126.256365892722
2022-07-06 23:59:59.999,1134.8222934844712,1193.6367451744532,1116.2475277848673,1186.973982139332,15373536702.7,1154.9421364796603
2022-07-07 23:59:59.999,1186.9608986754013,1246.8948647490981,1165.623166966537,1237.5934303650672,14230795894.07,1206.2590158578175
2022-07-08 23:59:59.999,1237.5803684034133,1262.8857686019967,1200.632215976619,1222.5061935052581,16315929081.51,1231.7589922893078
2022-07-09 23:59:59.999,1222.3068438519879,1228.7679198555072,1209.3775615472953,1216.9782836097322,8821353103.62,1219.0727407014012
2022-07-10 23:59:59.999,1216.904363106791,1216.904363106791,1157.175540249126,1168.401611071528,10984558038.55,1187.0399516779585
2022-07-11 23:59:59.999,1168.1390293968223,1169.1938254349284,1095.0027888183408,1097.2365145348165,12064180410.27,1132.0983071266346
2022-07-12 23:59:59.999,1097.2592084326748,1097.2592084326748,1038.1356415048392,1038.1916953960642,12583282452.93,1067.6974249687569
2022-07-13 23:59:59.999,1038.186584567932,1113.5871531397538,1019.2203189881251,1113.5871531397538,18302588146.82,1066.4037360639395
2022-07-14 23:59:59.999,1113.515759432295,1202.9533573540944,1077.4057161212552,1191.5262140585282,16688640822.54,1140.1795367376749
2022-07-15 23:59:59.999,1191.6747810387958,1275.7781812830706,1182.9032095795885,1233.1291142960467,17411448224.9,1229.3406954313296
2022-07-16 23:59:59.999,1232.7916537880537,1377.9445472348325,1195.6060094712766,1352.626475269534,18364013796.21,1286.7752783530545
2022-07-17 23:59:59.999,1353.2050532184878,1378.4174946676476,1329.7633301091796,1338.6357028738512,16079711736.59,1354.0904123884136
2022-07-18 23:59:59.999,1338.8060134638004,1578.717894862322,1338.8060134638004,1578.717894862322,27440420622.57,1458.761954163061
2022-07-19 23:59:59.999,1578.3838959310865,1607.0331136856494,1501.7975207094878,1542.9752735266925,27753529276.06,1554.4153171975686
2022-07-20 23:59:59.999,1542.9543406284133,1612.645774365227,1500.8032491601532,1520.2007176132631,22942708339.63,1556.72451176269
2022-07-21 23:59:59.999,1520.3744655335447,1595.7619846766777,1472.185402230551,1576.7495606208638,20009556587.43,1533.9736934536145
2022-07-22 23:59:59.999,1576.7453815608126,1641.2092327356274,1523.6417531299717,1537.4051210638254,18926100581.63,1582.4254929327994
2022-07-23 23:59:59.999,1536.4573938265744,1591.6325484551437,1495.6780764921273,1549.2975301211056,14998811383.19,1543.6553124736356
2022-07-24 23:59:59.999,1549.2225655788072,1654.4287300645028,1548.6711944623185,1599.4766489443946,17217849556.78,1601.5499622634106
2022-07-25 23:59:59.999,1599.1572770220632,1605.336910857152,1445.3834222178812,1445.3834222178812,20585056021.4,1525.3601665375165
2022-07-26 23:59:59.999,1445.1511049337373,1445.1511049337373,1362.9517125396067,1441.8067930933155,18238563508.63,1404.0514087366719
2022-07-27 23:59:59.999,1443.7268186612387,1636.799492687091,1423.6188482298344,1636.2327104034002,23007524016.21,1530.2091704584627
2022-07-28 23:59:59.999,1636.231991326151,1774.5764401636097,1604.8910068656228,1725.4681887068793,27231399966.41,1689.7337235146163
2022-07-29 23:59:59.999,1725.6239155439503,1759.8840399891076,1662.7911114652022,1727.4069295678496,23249531112.99,1711.337575727155
2022-07-30 23:59:59.999,1727.061942056886,1738.016891509541,1678.1080883966265,1695.9694995990437,15576977870.07,1708.0624899530837
2022-07-31 23:59:59.999,1695.8847743025296,1745.8831932374605,1672.6128238582012,1681.5173192967961,14200735369.87,1709.248008547831
2022-08-01 23:59:59.999,1681.4455627267114,1700.1709034518651,1613.415966096822,1635.1957921226262,16191371176.16,1656.7934347743435
2022-08-02 23:59:59.999,1634.645845292566,1672.6298114692256,1567.8510467031272,1632.9454389882935,20426082309.07,1620.2404290861764
2022-08-03 23:59:59.999,1633.0513165891366,1678.0982582493762,1595.6345233732306,1618.874542862225,16786218830.48,1636.8663908113035
2022-08-04 23:59:59.999,1618.8867212585917,1658.5116189792564,1585.3265355016263,1608.205822887468,14467440625.82,1621.9190772404413
2022-08-05 23:59:59.999,1607.5239348376886,1732.2545836305555,1606.497049129561,1732.2545836305555,18546491875.74,1669.3758163800583
2022-08-06 23:59:59.999,1732.6610906428295,1744.326394650778,1691.6580874495673,1691.6580874495673,11757911704.98,1717.9922410501727
2022-08-07 23:59:59.999,1691.7779509026886,1724.7891347410923,1672.9084116909899,1699.350770887032,10252090340.17,1698.848773216041
2022-08-08 23:59:59.999,1699.693431575998,1806.8864263889182,1697.4080167203547,1775.5161124135411,16841424404.16,1752.1472215546364
2022-08-09 23:59:59.999,1776.0713497470188,1786.122618497171,1675.8498689889695,1703.0250301169074,16368619691.97,1730.9862437430702
2022-08-10 23:59:59.999,1702.9064482914366,1869.4006751549502,1665.0905105380668,1851.7427029918738,23512477983.68,1767.2455928465085
2022-08-11 23:59:59.999,1851.82835513071,1927.939251065898,1851.82835513071,1881.224147351484,23826986481.93,1889.8838030983038
2022-08-12 23:59:59.999,1880.8991913725793,1957.5529843446684,1860.0834506923381,1957.2464000864588,17168141904.49,1908.8182175185034
2022-08-13 23:59:59.999,1957.3340422930657,2013.7557690136493,1948.5952307914104,1981.3365601897074,16038975215.83,1981.1754999025297
2022-08-14 23:59:59.999,1981.7824124815077,2022.7915557481938,1919.010138283726,1936.8020451587636,14062754455.96,1970.90084701596
2022-08-15 23:59:59.999,1936.7604877889612,2007.210325095833,1881.856833430551,1904.2281567639322,20349931312.53,1944.533579263192
2022-08-16 23:59:59.999,1902.833139286399,1910.7453417416627,1862.2734199557208,1878.1393765348407,15637578930.14,1886.5093808486918
2022-08-17 23:59:59.999,1877.9342982164806,1951.6756745003318,1823.532196279502,1832.999638374081,20308508124.41,1887.6039353899168
2022-08-18 23:59:59.999,1833.7155297434488,1876.3769668538737,1826.957738613917,1847.0078347878407,14999352228.95,1851.6673527338953
2022-08-19 23:59:59.999,1847.0953099595424,1847.0953099595424,1611.338922894503,1612.9873433097246,25906358731.35,1729.2171164270226
2022-08-20 23:59:59.999,1612.650604689569,1652.2188103346796,1534.2988548054343,1577.0037422109394,18334580262.96,1593.258832570057
2022-08-21 23:59:59.999,1576.5436232346658,1640.9365062161005,1569.0465420040036,1619.3189146711984,15849221751.57,1604.991524110052
2022-08-22 23:59:59.999,1619.166813109356,1622.7788223851317,1535.0148165945086,1622.5058170900038,18557078598.81,1578.8968194898202
2022-08-23 23:59:59.999,1622.9393498092468,1666.6765703448348,1569.428547666554,1662.7698984728327,18322041914.11,1618.0525590056945
2022-08-24 23:59:59.999,1662.695378856491,1686.557681729222,1610.099294709077,1657.059163151536,16780932907.44,1648.3284882191494
2022-08-25 23:59:59.999,1657.336514396027,1718.1832201812524,1656.8560398897805,1696.4570581306873,14818795695.16,1687.5196300355165
2022-08-26 23:59:59.999,1696.3246227233049,1698.5610716496744,1498.7711899499723,1507.7828626718563,26713710143.05,1598.6661307998233
2022-08-27 23:59:59.999,1508.1570215664628,1517.1500421321782,1454.2830133422117,1491.3950366074273,18120831898.8,1485.716527737195
2022-08-28 23:59:59.999,1491.2068336172786,1505.7920343234691,1430.5473363095095,1430.5473363095095,12823572918.1,1468.1696853164894
2022-08-29 23:59:59.999,1430.4394923917187,1556.309561265167,1427.7283557829758,1553.0373243485508,17965837488.06,1492.0189585240714
2022-08-30 23:59:59.999,1553.188924850538,1600.4612116100327,1480.8317741683127,1523.8388621862412,21835784470.08,1540.6464928891728
2022-08-31 23:59:59.999,1524.2864673280128,1612.3589418227316,1524.2864673280128,1553.6849376151229,20591680941.01,1568.3227045753722
2022-09-01 23:59:59.999,1553.756391159599,1593.0827121883706,1520.188369566282,1586.1768003098573,16434276817.45,1556.6355408773263
2022-09-02 23:59:59.999,1586.0179021807505,1643.1832493666664,1551.877970215039,1577.2205133994905,17708478709.32,1597.5306097908528
2022-09-03 23:59:59.999,1577.2137287900846,1579.4543895178601,1541.672162979085,1556.8726288378825,9516825994.48,1560.5632762484724
2022-09-04 23:59:59.999,1556.8959076585418,1578.0093199282712,1543.6988331510638,1577.6416253491618,8884144997.97,1560.8540765396674
2022-09-05 23:59:59.999,1577.8840180830987,1621.6613269896013,1559.7818599396107,1617.1831725776572,13060541167.94,1590.721593464606
2022-09-06 23:59:59.999,1617.240234875064,1680.5953058286111,1561.7485695817766,1561.7485695817766,22946059124.89,1621.1719377051938
2022-09-07 23:59:59.999,1560.9067726242395,1651.0511509286468,1500.0136769345752,1629.9063749584864,19560363854.11,1575.532413931611
2022-09-08 23:59:59.999,1629.8051395675518,1655.0641164755075,1603.0638780059448,1635.3476570056212,17621046716.87,1629.0639972407262
2022-09-09 23:59:59.999,1635.187757777287,1735.8098526176584,1632.8365512494368,1719.0854510645809,20242323689.87,1684.3232019335476
2022-09-10 23:59:59.999,1718.9613151355713,1784.4977849580703,1710.2970035497867,1776.2037540435485,13130928216.56,1747.3973942539285
2022-09-11 23:59:59.999,1775.9760395663213,1782.729871864077,1730.1648511374988,1761.8000273933926,12464301922.09,1756.4473615007878
2022-09-12 23:59:59.999,1762.0848742134647,1778.1634707003047,1698.2934458377624,1713.7652026661867,17688391309.71,1738.2284582690336
2022-09-13 23:59:59.999,1713.962556385664,1745.7790189185807,1564.0318346988604,1580.7879534271185,23066821734.2,1654.9054268087207
2022-09-14 23:59:59.999,1574.8581446754465,1642.1572147876695,1564.0318346988604,1634.755043198841,17897150206.29,1603.094524743265
2022-09-15 23:59:59.999,1635.0830291984064,1648.9456247182977,1466.1394619713237,1471.6934316404115,26946275878.18,1557.5425433448108
2022-09-16 23:59:59.999,1471.9283652547956,1480.5642031216294,1415.5812691160488,1432.447730201051,16764804299.07,1448.0727361188392
2022-09-17 23:59:59.999,1432.8765064118675,1473.060463926995,1415.0423021185418,1469.741642153501,10798098671.1,1444.0513830227683
2022-09-18 23:59:59.999,1469.7054512968161,1469.7054512968161,1331.4947236813523,1335.3291310415468,15762284723.02,1400.6000874890842
2022-09-19 23:59:59.999,1335.2707285244724,1388.2722606976604,1287.4209501852558,1377.5413278193168,18712714222.94,1337.846605441458
2022-09-20 23:59:59.999,1377.6189623633902,1381.9656397056308,1319.2014021063655,1324.3882409563114,14722317220.02,1350.5835209059983
2022-09-21 23:59:59.999,1324.2155942366371,1384.4768694948727,1229.4267080593063,1252.6078412642464,20643507799.95,1306.9517887770894
2022-09-22 23:59:59.999,1251.5673910489745,1336.157875362197,1240.9682383838892,1327.680127990488,18461527258.54,1288.563056873043
2022-09-23 23:59:59.999,1327.481169976172,1353.2883242684804,1270.1983144577136,1328.2595547377496,18771106339.01,1311.743319363097
2022-09-24 23:59:59.999,1328.24467283583,1346.2552899052475,1312.6402909583576,1317.9932379183988,12098209717.09,1329.4477904318026
2022-09-25 23:59:59.999,1317.938519911025,1333.3713799723582,1275.627710052964,1294.2167741314317,11802651633.05,1304.4995450126612
2022-09-26 23:59:59.999,1294.386153951727,1335.52640992848,1282.0493577957948,1335.320243608534,16034549270.8,1308.7878838621373
2022-09-27 23:59:59.999,1335.3370295982977,1396.8915132209247,1308.9914938254767,1330.127702230936,17870598937.1,1352.9415035232007
2022-09-28 23:59:59.999,1329.5413435315777,1351.9645207122207,1267.8692186212622,1337.4108666563252,18994979566.43,1309.9168696667416
2022-09-29 23:59:59.999,1337.5544530856334,1348.1076466423556,1293.1933852615064,1335.6523611534108,13796915736.04,1320.650515951931
2022-09-30 23:59:59.999,1335.6464707731384,1368.7433740281135,1320.383141308978,1327.9786375007589,14250100093.1,1344.5632576685457
2022-10-01 23:59:59.999,1328.1937206527582,1332.5164969654975,1306.1024919609042,1311.6444305439438,6227961236.53,1319.3094944632007
2022-10-02 23:59:59.999,1311.753422749603,1316.3300641684793,1275.336074543273,1276.0935583214216,7578351650.34,1295.8330693558762
2022-10-03 23:59:59.999,1276.163411650395,1326.5544044930164,1271.1509114179264,1323.4392697038572,10153070906.54,1298.8526579554714
2022-10-04 23:59:59.999,1323.2782963789423,1364.9709154536345,1320.0766993373618,1362.126586857965,10139774962.74,1342.5238073954981
2022-10-05 23:59:59.999,1361.9728718988222,1362.4517562504475,1320.8550761533422,1352.8371404571026,9774451819.95,1341.6534162018947
2022-10-06 23:59:59.999,1352.8066306333058,1380.4049004581345,1349.4499313997462,1351.709527133083,12033514861.06,1364.9274159289403
2022-10-07 23:59:59.999,1351.8364466400985,1359.3281331672008,1321.7461205135878,1332.5169819841124,10061619354.52,1340.5371268403942
2022-10-08 23:59:59.999,1332.3713375571574,1335.9548016686297,1307.0730209004512,1315.500490984085,5804676208.23,1321.5139112845404
2022-10-09 23:59:59.999,1315.4601836525053,1327.6687971400154,1309.3445464310482,1322.6043002226572,5486230123.1,1318.5066717855318
2022-10-10 23:59:59.999,1322.6186703696521,1335.6627534966074,1291.3376254068671,1291.3376254068671,8794491050.04,1313.5001894517372
2022-10-11 23:59:59.999,1291.1096715644455,1296.2739045129474,1272.7377173623258,1279.5756984091129,9274845260.15,1284.5058109376366
2022-10-12 23:59:59.999,1279.7323077331587,1303.0752009201028,1277.527447724474,1294.906320521348,8355638578.12,1290.3013243222886
2022-10-13 23:59:59.999,1294.9173837441601,1297.5642474050244,1209.2781567993145,1288.1238946783737,17499038202.28,1253.4212021021694
2022-10-14 23:59:59.999,1288.048713049968,1339.744706882143,1285.3782488399922,1297.4220818411904,13113767755.21,1312.5614778610675
2022-10-15 23:59:59.999,1297.3059342987806,1300.7459560151215,1268.4684651013038,1274.8716480799897,6798512623.95,1284.6072105582125
2022-10-16 23:59:59.999,1275.0055418167535,1312.6345602128297,1275.0055418167535,1306.2966216885893,7491625206.46,1293.8200510147917
2022-10-17 23:59:59.999,1306.309604668048,1335.6478717731131,1297.4472585073959,1331.7136082699983,9401189650.49,1316.5475651402544
2022-10-18 23:59:59.999,1331.669920962133,1339.0859668816977,1291.6606994330639,1310.4470366520643,10416747806.47,1315.3733331573808
2022-10-19 23:59:59.999,1310.5631247277463,1312.4423311944201,1283.9652721643254,1285.7442070374775,8350692784.56,1298.2038016793726
2022-10-20 23:59:59.999,1285.6602977072132,1307.8550604326022,1275.323930113695,1283.2009226517243,9009111996.2,1291.5894952731487
2022-10-21 23:59:59.999,1283.1880659091175,1305.0813115558633,1260.666742723928,1299.9464423868196,10412565245.47,1282.8740271398956
2022-10-22 23:59:59.999,1299.902334592188,1317.1010780149793,1295.9468415803253,1314.299227063113,7175324564.31,1306.5239597976524
2022-10-23 23:59:59.999,1314.2494524739777,1367.760725018876,1302.9087590724496,1363.4470578564446,9909510924.7,1335.3347420456628
2022-10-24 23:59:59.999,1363.4918066525345,1368.425500000427,1327.8540108573054,1344.9984885520155,13092820173.3,1348.1397554288662
2022-10-25 23:59:59.999,1344.7113448504042,1509.985492921037,1336.9789112788974,1461.6654237274488,25367291294.27,1423.4822020999673
2022-10-26 23:59:59.999,1461.133194254422,1584.6367646807028,1460.4286670437252,1566.5666311730313,32705548426.58,1522.532715862214
2022-10-27 23:59:59.999,1566.841382393162,1574.4034186477877,1510.816782457423,1514.374856905131,22813499244.62,1542.6101005526052
2022-10-28 23:59:59.999,1514.323161018284,1568.6339400993459,1493.8710426036203,1555.4778770898488,19974623204.7,1531.252491351483
2022-10-29 23:59:59.999,1555.2746686159778,1652.3822187455057,1549.9836947253254,1619.6984587986606,21618154774.82,1601.1829567354157
2022-10-30 23:59:59.999,1619.697894352127,1637.0378795846525,1579.4851979303778,1590.783325382964,13930073426.96,1608.2615387575152
2022-10-31 23:59:59.999,1590.481270539271,1630.4529243103054,1555.91898312912,1572.714465601258,19306919713.92,1593.1859537197129
2022-11-01 23:59:59.999,1572.6453605386027,1606.60577096965,1568.0985087477452,1579.7045469064822,14507311208.29,1587.3521398586977
2022-11-02 23:59:59.999,1579.4978960053152,1613.4106738627318,1507.2447410868317,1519.7118232680411,23254218280.59,1560.3277074747816
2022-11-03 23:59:59.999,1519.724800525262,1556.7596521393896,1517.1016722589463,1531.541695963334,14248351006.96,1536.930662199168
2022-11-04 23:59:59.999,1531.3975347637047,1661.3346634556904,1529.268389405127,1645.093397922024,20806964347.48,1595.3015264304086
2022-11-05 23:59:59.999,1645.1565554246242,1660.4864321642979,1625.9641827349856,1627.9680581755515,11006973189.96,1643.2253074496416
2022-11-06 23:59:59.999,1627.9010667327352,1634.1325005874507,1572.234757087508,1572.234757087508,11632744704.51,1603.1836288374793
2022-11-07 23:59:59.999,1572.0169810172154,1604.4753249012263,1550.415587101675,1568.5912808483351,15279963349.45,1577.4454560014506
2022-11-08 23:59:59.999,1568.3296330548303,1574.7998379557862,1259.4431002115543,1332.8355929450772,42048003440.2,1417.1214690836703
2022-11-09 23:59:59.999,1333.1224783432672,1335.743469914618,1083.2856661926266,1100.169759576997,38864492427.35,1209.5145680536223
2022-11-10 23:59:59.999,1100.1072148733742,1341.7911850977325,1093.1225263425165,1299.4646098433907,28581002121.87,1217.4568557201246
2022-11-11 23:59:59.999,1298.8824415638123,1302.2952899635143,1211.329586190641,1287.2211001564026,20920539098.56,1256.8124380770778
2022-11-12 23:59:59.999,1287.4383591762553,1288.15086610864,1242.1521943774237,1255.2683256186292,10964962767.09,1265.1515302430319
2022-11-13 23:59:59.999,1255.441247730087,1271.712582069023,1208.520946386814,1221.8192177316498,10717455213.58,1240.1167642279186
2022-11-14 23:59:59.999,1221.8954835510701,1284.2176321990091,1178.4291011835278,1241.6042130741869,15028035663.22,1231.3233666912683
2022-11-15 23:59:59.999,1241.6777333185228,1283.1986798064574,1238.6881804801542,1251.7361998221256,11798011594.27,1260.9434301433057
2022-11-16 23:59:59.999,1251.808786312762,1264.4863237060265,1192.9878263122491,1215.6025437668,11939561597.95,1228.7370750091377
2022-11-17 23:59:59.999,1215.8486725548532,1224.9657091810611,1189.1526628621452,1200.808604588481,9723646870.56,1207.0591860216032
2022-11-18 23:59:59.999,1200.8021752405161,1226.737475631729,1200.8021752405161,1212.3002469437722,7979913377.94,1213.7698254361226
2022-11-19 23:59:59.999,1212.2155146533044,1227.8372738296425,1200.4755884070137,1218.4268090142864,5978745775.92,1214.156431118328
2022-11-20 23:59:59.999,1218.436241237729,1224.0778019924103,1137.933188098407,1142.4666845862819,9651002683.98,1181.0054950454087
2022-11-21 23:59:59.999,1142.3957822413763,1142.3957822413763,1084.8573027563068,1108.353046239354,14080099207.95,1113.6265424988414
2022-11-22 23:59:59.999,1107.8960035869868,1136.4425794860156,1081.138244100422,1135.1734118435843,12040670754.94,1108.790411793219
2022-11-23 23:59:59.999,1135.4215218429456,1184.9973049191092,1130.0228003692723,1183.1995563302053,11242676044.31,1157.5100526441906
2022-11-24 23:59:59.999,1183.345114776491,1211.6274662326584,1180.3798036738958,1203.9832033322805,9706372375.86,1196.003634953277
2022-11-25 23:59:59.999,1203.7994267442452,1203.7994267442452,1174.8233877818525,1198.9259362399637,5483308195.58,1189.3114072630487
2022-11-26 23:59:59.999,1198.7904718202435,1227.0381402283042,1198.0979434832702,1205.8979386345213,5074160557.53,1212.5680418557872
2022-11-27 23:59:59.999,1205.9053205330133,1220.34948386344,1195.0390882135648,1195.126919371234,4486976867.54,1207.6942860385025
2022-11-28 23:59:59.999,1194.960353182672,1198.7376190027276,1156.0625538289091,1170.086159541997,7275411870.13,1177.4000864158184
2022-11-29 23:59:59.999,1169.8744332740062,1222.1642437371381,1163.477482397704,1216.9011876231557,7639405817.67,1192.8208630674212
2022-11-30 23:59:59.999,1216.92871100235,1302.0387373486487,1215.497929078665,1295.6886059154388,9836925303.83,1258.768333213657
2022-12-01 23:59:59.999,1295.7695043818019,1295.999849863323,1267.7084397456408,1276.2739220942378,6857935276.41,1281.854144804482
2022-12-02 23:59:59.999,1276.328663794094,1294.3033770767029,1269.2431814085846,1294.3033770767029,6213645709.19,1281.7732792426436
2022-12-03 23:59:59.999,1294.4565175700177,1299.8403495372124,1241.4319440294992,1243.3348971958567,5672609405.27,1270.6361467833558
2022-12-04 23:59:59.999,1243.219195403564,1281.4923129026215,1242.911784776777,1280.256593695498,5174128453.66,1262.2020488396993
2022-12-05 23:59:59.999,1279.998843449921,1302.2375196272637,1252.4723655033076,1259.6766997125949,6120359523.05,1277.3549425652857
2022-12-06 23:59:59.999,1259.8542439087155,1271.9231660784724,1247.6298893305202,1271.6538427320547,5089212679.76,1259.7765277044964
2022-12-07 23:59:59.999,1271.5531399937,1272.6941089206148,1224.447999377002,1232.4374414280492,5752205179.84,1248.5710541488083
2022-12-08 23:59:59.999,1232.4518431417305,1286.2297441538874,1226.358487172271,1281.1163124108384,6227269815.49,1256.294115663079
2022-12-09 23:59:59.999,1281.0773251172607,1290.055387805456,1260.8187067332406,1264.2847501283563,5706183864.84,1275.437047269348
2022-12-10 23:59:59.999,1264.3754471070938,1279.5279728938394,1262.1199174961853,1266.3840988055674,3282499999.33,1270.8239451950124
2022-12-11 23:59:59.999,1266.417866494943,1281.7832114563637,1260.6637088229982,1263.8685480864074,3362005847.68,1271.2234601396808
2022-12-12 23:59:59.999,1263.5734307597072,1275.6103219412014,1243.4778104644188,1274.6190567872889,5151109363.5,1259.54406620281
2022-12-13 23:59:59.999,1274.662509618613,1341.4393394293486,1258.4724408203836,1320.5492376277284,8812883119.43,1299.955890124866
2022-12-14 23:59:59.999,1320.6886290838886,1346.1744826440117,1305.833410867132,1309.3286769329625,7830915428.27,1326.0039467555719
2022-12-15 23:59:59.999,1309.1908539053184,1311.0670901306426,1262.6893668326227,1266.3539291602406,6032859783.13,1286.8782284816325
2022-12-16 23:59:59.999,1266.4606109871152,1278.1569381742493,1162.1757117766622,1168.259354239172,9297811507.17,1220.1663249754556
2022-12-17 23:59:59.999,1168.066789263337,1189.0450404696503,1165.4078239560363,1188.1495752325345,5077258585.95,1177.2264322128433
2022-12-18 23:59:59.999,1188.128538869773,1194.2144870251004,1176.1858500566761,1184.7152322367072,3350092519.49,1185.2001685408882
2022-12-19 23:59:59.999,1184.7583205990436,1192.9238523154313,1160.377253592966,1167.6099151344297,4943628091.37,1176.6505529541987
2022-12-20 23:59:59.999,1167.8827330588208,1224.0926694905393,1165.599428234187,1217.7035799175362,6684951715.29,1194.8460488623632
2022-12-21 23:59:59.999,1217.5863865821923,1218.1922576812078,1206.4400976668146,1213.5999925796013,4217182733.37,1212.3161776740112
2022-12-22 23:59:59.999,1213.6726544189576,1221.9868522689103,1187.127813526437,1218.1821518935687,5297471739.23,1204.5573328976736
2022-12-23 23:59:59.999,1218.0793008226428,1226.9987512693335,1215.994856819689,1220.159412397521,4835831922.86,1221.4968040445112
2022-12-24 23:59:59.999,1220.1178720002672,1224.9116360862092,1216.3387426870804,1221.1486016353776,2626153345.38,1220.6251893866447
2022-12-25 23:59:59.999,1221.1715202033113,1223.5177657940674,1203.7195666737673,1218.9620019433792,3942720070.47,1213.6186662339173
2022-12-26 23:59:59.999,1218.9201805513228,1226.974338676851,1214.335906148392,1226.974338676851,3282098399.66,1220.6551224126215
2022-12-27 23:59:59.999,1226.9871016374852,1230.4180313311256,1205.8955875988106,1212.7916375570392,4091530736.65,1218.156809464968
2022-12-28 23:59:59.999,1212.7366038914317,1213.128931133794,1185.7022087846242,1189.9860598507007,4991669630.7,1199.415569959209
2022-12-29 23:59:59.999,1190.0101731031511,1204.1415813204383,1188.360287992061,1201.5953389327835,4132233939.99,1196.2509346562497
2022-12-30 23:59:59.999,1201.5696378034118,1202.0346691213824,1187.4625433025435,1199.232754253108,4055668252.59,1194.7486062119629
2022-12-31 23:59:59.999,1199.3601096602301,1205.0886613763232,1194.203758234662,1196.7712389627932,3018513333.04,1199.6462098054926
2023-01-01 23:59:59.999,1196.7136705721155,1203.4753873068046,1192.8854356728355,1200.964831572461,2399674550.06,1198.18041148982
2023-01-02 23:59:59.999,1201.1033098436387,1219.8606486892318,1195.2150229214315,1214.656675613292,3765758497.67,1207.5378358053317
2023-01-03 23:59:59.999,1214.7440396321697,1219.095372916186,1207.4915471112888,1214.7788025106515,3392972130.84,1213.2934600137373
2023-01-04 23:59:59.999,1214.718572717991,1264.807449697511,1213.1688256423506,1256.526594602938,6404416892.95,1238.988137669931
2023-01-05 23:59:59.999,1256.4845925571992,1258.5715587696716,1245.1730563136755,1250.4385512171523,4001786456.04,1251.8723075416735
2023-01-06 23:59:59.999,1250.4590265008542,1273.2203313742891,1240.9474674851303,1269.3790036317773,4977252791.75,1257.0838994297096
2023-01-07 23:59:59.999,1269.4197406491646,1270.5983105461264,1262.2711165548842,1264.2703412671854,2565213547.9,1266.4347135505054
2023-01-08 23:59:59.999,1264.1819188294087,1287.3594420314957,1260.2267778263467,1287.3594420314957,3495088904.55,1273.7931099289212
2023-01-09 23:59:59.999,1287.4507922310618,1342.14416860945,1286.6807425098605,1321.5389464940379,7990438824.18,1314.4124555596552
2023-01-10 23:59:59.999,1321.395450301254,1342.7571475481147,1318.5271949469454,1336.5861138308273,5830173252.56,1330.64217124753
2023-01-11 23:59:59.999,1336.4867782191436,1387.9327050847824,1323.583068981792,1387.9327050847824,6314904310.54,1355.7578870332873
2023-01-12 23:59:59.999,1387.7529038953307,1432.2812360721725,1378.4221369824738,1417.9385231112196,12230193038.03,1405.3516865273232
2023-01-13 23:59:59.999,1417.9462216842683,1461.6726960095427,1404.0238907399753,1451.6148394124366,7684148212.32,1432.8482933747591
2023-01-14 23:59:59.999,1451.4285043866741,1563.7390973350145,1450.9884397122469,1550.7068639573797,15444626013.73,1507.3637685236308
2023-01-15 23:59:59.999,1550.7315217361388,1556.9508111558525,1520.8938176634574,1552.4794799872595,6774614498.74,1538.922314409655
2023-01-16 23:59:59.999,1552.5192550015668,1594.0397692986608,1529.5736466594642,1576.83350876535,8454485430.93,1561.8067079790626
2023-01-17 23:59:59.999,1577.1074704651026,1594.0010333300736,1553.3358827730144,1567.846050231553,7599462786.03,1573.668458051544
2023-01-18 23:59:59.999,1567.6989486838283,1602.1066876779596,1509.4229048259476,1515.5070073176319,10354880595.43,1555.7647962519536
2023-01-19 23:59:59.999,1515.249608873126,1557.970389856222,1514.3800514924994,1552.5565530841286,6432638855.77,1536.1752206743608
2023-01-20 23:59:59.999,1552.373712316943,1659.8857920367805,1544.9178261879788,1659.7541193551879,8528894753.59,1602.4018091123796
2023-01-21 23:59:59.999,1659.706068429225,1674.1792675335378,1626.812953655305,1627.1182183692963,8859250310.35,1650.4961105944212
2023-01-22 23:59:59.999,1627.3660029924456,1658.0234136828715,1612.085694885186,1628.3820424136904,7517988734.0,1635.0545542840287
2023-01-23 23:59:59.999,1628.5508098991886,1641.2181718457748,1607.9030710698535,1628.2510408969592,8264507375.29,1624.5606214578142
2023-01-24 23:59:59.999,1627.8482654122379,1639.7238427381271,1551.389825764576,1556.6042398403667,8180274690.57,1595.5568342513516
2023-01-25 23:59:59.999,1556.8074484540575,1632.2416839848793,1530.797907651994,1611.7110426119652,10598973447.72,1581.5197958184367
2023-01-26 23:59:59.999,1611.0809774076313,1626.198204407684,1586.598161788073,1603.1059328512101,8395315240.82,1606.3981830978785
2023-01-27 23:59:59.999,1603.080098526373,1617.000871275315,1565.2450333563474,1598.1565187695476,8124465373.17,1591.1229523158313
2023-01-28 23:59:59.999,1598.1254209988933,1604.704121524854,1565.3901123081723,1572.4350441003328,5803653357.3,1585.047116916513
2023-01-29 23:59:59.999,1572.629467867748,1653.725018156208,1568.9848128825681,1646.1555880183614,8801292299.89,1611.3549155193882
2023-01-30 23:59:59.999,1646.1476469729564,1646.6515549742253,1546.6607903551264,1567.3264809426473,9180418120.35,1596.656172664676
2023-01-31 23:59:59.999,1567.4199062376345,1598.5175525317172,1563.8043406703018,1586.5353739334735,6585191018.9,1581.1609466010095
2023-02-01 23:59:59.999,1586.488105141496,1644.7274880145585,1566.857293828966,1641.792693716169,8116969489.4,1605.7923909217623
2023-02-02 23:59:59.999,1641.3659516809807,1704.4581741617299,1641.3226194917027,1643.2415885090652,10558081068.79,1672.8903968267164
2023-02-03 23:59:59.999,1642.904695859207,1670.6968659089239,1634.2233793978533,1664.7455821274234,8169519804.5,1652.4601226533887
2023-02-04 23:59:59.999,1664.4722935277166,1690.099610895112,1648.1892023196053,1667.0592352491954,5843302511.7,1669.1444066073586
2023-02-05 23:59:59.999,1667.1664690625935,1671.7702741717915,1616.3918224554918,1631.6458794110438,6926696530.54,1644.0810483136415
2023-02-06 23:59:59.999,1631.6452874606302,1653.7155079011263,1611.3190345666296,1616.2471265661625,6919871886.11,1632.517271233878
2023-02-07 23:59:59.999,1616.0096263831522,1673.7978591906196,1614.8629767875802,1672.0035689790723,8030277433.62,1644.3304179891
2023-02-08 23:59:59.999,1671.905245291673,1688.5272184621979,1635.2650403301577,1650.7167526788025,7806089578.98,1661.896129396178
2023-02-09 23:59:59.999,1651.0822199301133,1655.2348426051444,1537.1822608844316,1546.4382885133496,10524969123.83,1596.208551744788
2023-02-10 23:59:59.999,1546.5965307678418,1553.3257322895208,1504.8344461522138,1514.8691459244915,8397387897.21,1529.0800892208672
2023-02-11 23:59:59.999,1514.9419380135412,1541.3347731794415,1510.1470246052231,1539.9267659675324,5064007415.55,1525.7408988923323
2023-02-12 23:59:59.999,1539.7759885149844,1545.5542576596267,1501.4620055390867,1515.0336880069515,5319698775.02,1523.5081315993566
2023-02-13 23:59:59.999,1514.9170530348445,1524.7314356777579,1470.0239826862244,1507.165923259645,9363855113.94,1497.3777091819911
2023-02-14 23:59:59.999,1506.9921163466956,1562.034268243962,1497.1944254133732,1556.8751525791126,9249575045.1,1529.6143468286677
2023-02-15 23:59:59.999,1556.7650968606556,1674.289749676436,1545.6897458989602,1673.7460217114487,10015035156.34,1609.989747787698
2023-02-16 23:59:59.999,1673.867464457593,1732.8010975278578,1638.1454557603265,1640.0675952065744,12704861676.25,1685.473276644092
2023-02-17 23:59:59.999,1640.2801204595373,1716.7818223287866,1636.173769444115,1694.7833758702425,9802443159.01,1676.4777958864506
2023-02-18 23:59:59.999,1694.7418031032641,1705.309141626722,1683.6701444721393,1691.8194566736904,5491437195.03,1694.4896430494307
2023-02-19 23:59:59.999,1691.6801896847617,1718.9475718771719,1673.9065595127277,1681.4361293746695,6959144003.26,1696.4270656949498
2023-02-20 23:59:59.999,1682.3370321616364,1716.4893544779886,1659.2950613322841,1702.6751158673414,7703604237.35,1687.8922079051363
2023-02-21 23:59:59.999,1702.797794780123,1714.2856462201453,1642.3967544527636,1658.0363984124367,8721608198.05,1678.3412003364544
2023-02-22 23:59:59.999,1658.1409631127017,1663.9968552774149,1604.803284249392,1643.231710428854,9189387004.34,1634.4000697634033
2023-02-23 23:59:59.999,1643.2985956821904,1674.6015475577958,1632.566115661911,1651.0738956449536,9013236167.31,1653.5838316098534
2023-02-24 23:59:59.999,1650.8950917657426,1661.0913441964065,1583.1478663312878,1608.3731584142736,8909129422.93,1622.119605263847
2023-02-25 23:59:59.999,1608.6583623393863,1608.8651289511292,1567.6316958876403,1594.9149529903823,5657686234.9,1588.2484124193847
2023-02-26 23:59:59.999,1594.761052579562,1645.273454573899,1590.3930859520408,1640.8171556491989,5727967432.13,1617.83327026297
2023-02-27 23:59:59.999,1640.76366628485,1662.5757164092315,1615.3879162265482,1634.3263684101105,7239824677.24,1638.9818163178898
2023-02-28 23:59:59.999,1634.5024223677092,1644.4357744831682,1602.4280483360517,1605.8951307948532,6323676957.26,1623.43191140961
2023-03-01 23:59:59.999,1606.040381580292,1663.4336563449078,1601.5486171578098,1663.4336563449078,7701847224.14,1632.4911367513587
2023-03-02 23:59:59.999,1663.5491117461045,1672.0510884172456,1622.6000283724188,1647.3192793727692,7080950926.4,1647.3255583948321
2023-03-03 23:59:59.999,1647.557783861813,1648.4753735169763,1552.451518613991,1569.1676527552281,9922240199.2,1600.4634460654838
2023-03-04 23:59:59.999,1569.2781346478534,1575.6372600489428,1551.736875414625,1566.9239427600028,4389045366.61,1563.6870677317838
2023-03-05 23:59:59.999,1567.1792948631444,1584.2088912650818,1559.9540492110582,1564.4687207107402,5020886237.89,1572.0814702380699
2023-03-06 23:59:59.999,1564.3831282730816,1579.4563296182234,1557.3635005326264,1567.3987018259345,5245153344.89,1568.409915075425
2023-03-07 23:59:59.999,1567.424628498233,1579.1622731467994,1543.127506202633,1561.9331204295095,6854058348.98,1561.144889674716
2023-03-08 23:59:59.999,1561.9778653795984,1568.1753154706557,1534.0882322773919,1534.0882322773919,7130327525.13,1551.1317738740238
2023-03-09 23:59:59.999,1534.0316583587044,1544.108431964546,1423.2647179320154,1438.6607223110486,9457897583.37,1483.6865749482808
2023-03-10 23:59:59.999,1438.7601676753384,1438.7601676753384,1378.5254019388053,1429.158132708085,12665194935.78,1408.6427848070718
2023-03-11 23:59:59.999,1429.100798623168,1484.1369972979562,1428.723174995263,1482.6166491910071,14917080153.64,1456.4300861466095
2023-03-12 23:59:59.999,1482.4319420560241,1607.1525918591324,1461.6109236591403,1590.2929484562699,11480965121.79,1534.3817577591362
2023-03-13 23:59:59.999,1590.8311873177597,1699.9117256812215,1572.0746525542706,1680.308996138399,15711468958.75,1635.9931891177462
2023-03-14 23:59:59.999,1680.2952550352577,1779.9178989757513,1665.902326574455,1703.5071260036539,16159781302.55,1722.9101127751032
2023-03-15 23:59:59.999,1705.1899730836126,1721.0792357256285,1616.630386637923,1656.1805219908774,12715339904.77,1668.8548111817759
2023-03-16 23:59:59.999,1656.3319964702005,1693.1392286134287,1639.2616673962257,1677.2155034420978,9364980166.4,1666.2004480048272
2023-03-17 23:59:59.999,1677.296706657736,1799.3440000133376,1667.1318928084536,1792.4851405694976,12467445116.7,1733.2379464108956
2023-03-18 23:59:59.999,1793.5923716621003,1840.3575511540932,1751.2628266022327,1761.6596834204884,10317822213.18,1795.810188878163
2023-03-19 23:59:59.999,1762.9632131904723,1843.8441082244526,1762.9632131904723,1785.5765822409203,9170565472.22,1803.4036607074624
2023-03-20 23:59:59.999,1785.4162964369782,1807.7251932879537,1728.1038171458977,1735.32126883667,10978325507.3,1767.9145052169256
2023-03-21 23:59:59.999,1735.6179601981923,1836.2885278473275,1725.0073435452944,1806.760736725517,10758627745.86,1780.647935696311
2023-03-22 23:59:59.999,1804.9570335603642,1821.4582716088191,1717.7650838280676,1737.7169855996713,12484103560.38,1769.6116777184434
2023-03-23 23:59:59.999,1737.1408565494376,1853.8880031017154,1732.5246032836053,1816.4051820710117,11012966853.93,1793.2063031926605
2023-03-24 23:59:59.999,1815.8198112060252,1819.9352613702806,1730.3495165508923,1752.0448567755377,10913669382.91,1775.1423889605865
2023-03-25 23:59:59.999,1751.469499257995,1762.6745108178943,1716.6520353546885,1743.764785908254,6614309912.22,1739.6632730862914
2023-03-26 23:59:59.999,1743.8421236945521,1797.880228440106,1741.1828444255036,1775.67675039735,6990313307.25,1769.5315364328048
2023-03-27 23:59:59.999,1775.481331405621,1781.3792147130298,1690.516585353529,1715.460813851755,8585750759.86,1735.9479000332794
2023-03-28 23:59:59.999,1715.327387917604,1791.1109186770357,1702.5647546505843,1772.7856574310936,8346890042.23,1746.8378366638099
2023-03-29 23:59:59.999,1772.8999553862425,1825.6009799357446,1772.8999553862425,1793.001884841657,9136176952.26,1799.2504676609935
2023-03-30 23:59:59.999,1793.3459124017754,1827.2802318878655,1766.2489483427653,1792.737135777299,9724496986.91,1796.7645901153155
2023-03-31 23:59:59.999,1793.6200946137456,1844.6773771632447,1783.142151518265,1822.0221185208943,9149379763.25,1813.909764340755
2023-04-01 23:59:59.999,1821.7043535926127,1840.173108973389,1812.0219330123473,1821.407846625921,5687973766.34,1826.097520992868
2023-04-02 23:59:59.999,1821.1920992224518,1824.328905850382,1774.8724650206698,1795.708091943803,6199721188.44,1799.600685435526
2023-04-03 23:59:59.999,1794.9224275132908,1839.1577971091374,1765.5188951201337,1810.2971389313957,9643826400.76,1802.3383461146354
2023-04-04 23:59:59.999,1810.142135511305,1886.5946607041042,1802.9554226234109,1871.005176038282,10398322334.89,1844.7750416637575
2023-04-05 23:59:59.999,1870.9651134385563,1937.497556658873,1865.9418825207235,1909.114062897662,10319231688.65,1901.7197195897984
2023-04-06 23:59:59.999,1909.1435087529962,1909.2717499575222,1857.0850481524622,1872.9226620074755,8263191830.26,1883.178399054992
2023-04-07 23:59:59.999,1872.7341080749547,1882.2992319959167,1845.9939360967505,1865.6360612510844,8356130492.47,1864.1465840463336
2023-04-08 23:59:59.999,1864.6790820215233,1879.1078158134994,1848.8754745909007,1849.498176972098,5016362733.1,1863.9916452022
2023-04-09 23:59:59.999,1849.6722517235132,1873.0573660031312,1828.7001209059313,1859.3877707862177,6361497714.76,1850.878743454531
2023-04-10 23:59:59.999,1859.7411671192751,1917.3001424764523,1848.1641464424476,1911.2075109012517,8380134275.42,1882.73214445945
2023-04-11 23:59:59.999,1911.3758037647337,1936.7282705686373,1886.5342226646887,1892.189715911011,8877222956.13,1911.631246616663
2023-04-12 23:59:59.999,1891.9497643471293,1929.8812174912925,1860.0368257459413,1917.9370314690605,11481890869.05,1894.959021618617
2023-04-13 23:59:59.999,1917.6983218505682,2022.1501440582779,1901.8603891894747,2012.6346440045863,12546950499.3,1962.0052666238762
2023-04-14 23:59:59.999,2013.930640202227,2126.3166607720145,2011.5032550557607,2101.6355001252546,16298099411.44,2068.9099579138874
2023-04-15 23:59:59.999,2101.6163984050436,2111.075348101657,2076.510739503831,2092.466853471539,8036468152.59,2093.793043802744
2023-04-16 23:59:59.999,2092.2809465967393,2137.445120145096,2076.832003348675,2120.005820115122,7898126855.88,2107.1385617468854
2023-04-17 23:59:59.999,2120.0012396304596,2120.113562633405,2063.038684388164,2076.2430038239386,9648882545.8,2091.5761235107843
2023-04-18 23:59:59.999,2075.8552615500944,2121.5315194108584,2057.653862019132,2104.5372669455255,9134015142.68,2089.592690714995
2023-04-19 23:59:59.999,2103.946362751537,2104.8572731837385,1928.5828916394562,1936.4034646781874,13779745450.97,2016.7200824115973
2023-04-20 23:59:59.999,1936.4179077582637,1979.5733372360166,1918.1327647101455,1943.0976697034544,11324135406.44,1948.853050973081
2023-04-21 23:59:59.999,1943.4099239573982,1955.6491214773603,1827.788993932195,1849.9998459932472,12044274581.17,1891.7190577047777
2023-04-22 23:59:59.999,1849.286491036493,1886.7816740818268,1845.8492531979784,1874.228580610438,6970642725.98,1866.3154636399026
2023-04-23 23:59:59.999,1874.1715139647793,1882.2296926796896,1838.9924064357785,1862.0620571837162,6607451861.62,1860.611049557734
2023-04-24 23:59:59.999,1862.0853137599224,1888.193677247725,1811.792082618996,1842.757451380728,8438191337.54,1849.9928799333604
2023-04-25 23:59:59.999,1842.204391179994,1877.4849998566149,1805.3228351160062,1866.7536026164044,8677255481.49,1841.4039174863105
2023-04-26 23:59:59.999,1866.1489341049198,1962.5676586667364,1792.4638100278316,1866.5642365910276,14356524696.41,1877.515734347284
2023-04-27 23:59:59.999,1866.693276771419,1936.9451543717041,1863.1479852523955,1908.7864037136646,14008145805.92,1900.0465698120497
2023-04-28 23:59:59.999,1909.2731245103364,1923.1992590357586,1876.2918440681487,1892.512761570659,7691759733.39,1899.7455515519537
2023-04-29 23:59:59.999,1892.5650308358095,1916.9737865525376,1887.990528618894,1908.9169855456605,4796651245.87,1902.4821575857159
2023-04-30 23:59:59.999,1908.7413045580997,1938.4179717168238,1876.9243269740903,1876.9243269740903,6539641957.29,1907.671149345457
2023-05-01 23:59:59.999,1868.8910607926493,1886.206449821633,1809.1932146219438,1831.9547997997863,8625783200.5,1847.6998322217883
2023-05-02 23:59:59.999,1831.726530570692,1879.7595743342406,1824.3270696946774,1870.7892659124411,7536785767.45,1852.0433220144591
2023-05-03 23:59:59.999,1870.6871156860168,1915.50418415099,1845.8718323806338,1904.6518981170125,8306390868.53,1880.688008265812
2023-05-04 23:59:59.999,1905.1689840561048,1915.8716856167937,1868.6297278772508,1877.7041428905834,6578438233.42,1892.2507067470224
2023-05-05 23:59:59.999,1877.8331774551973,1998.4135547784729,1876.946625406722,1995.0608851615061,9498261359.65,1937.6800900925973
2023-05-06 23:59:59.999,1995.4791811819011,2017.5594826200165,1870.605586227931,1900.2217837951825,9623243036.5,1944.0825344239738
2023-05-07 23:59:59.999,1899.9176430515365,1933.9983531349949,1873.0764708369015,1873.0764708369015,6883942236.42,1903.5374119859482
